AreaSize,ID,Sex,Japanese,Math,Science
,1,2,82,92,64
,2,2,79,56,28
,3,2,82,81,76
,4,1,67,39,68
,5,2,82,86,64
,6,,82,53,44
,7,2,58,50,24
,8,1,70,61,52
,9,1,61,53,52
,10,1,97,86,88
,11,2,79,81,72
,12,1,82,81,64
,13,2,82,50,24
,14,2,61,53,48
,15,2,88,53,52
,16,2,73,,36
,17,1,88,58,52
,18,1,61,25,24
,19,1,70,61,44
,20,2,42,42,20
,21,1,76,67,64
,22,1,91,67,48
,23,1,85,97,84
,24,2,79,69,60
,25,2,55,56,36
,26,1,73,67,36
,27,1,67,44,48
,28,2,76,53,48
,29,1,67,58,32
,30,1,91,61,52
,31,1,94,83,76
,32,1,91,69,72
,33,2,64,33,16
,34,1,,42,48
,35,2,55,47,52
,36,1,94,92,68
,37,2,88,89,84
,38,2,61,67,52
,39,2,76,72,64
,40,2,82,67,72
,41,1,91,58,48
,42,1,85,64,48
,43,2,55,42,32
,44,2,76,44,44
,45,1,94,86,76
,46,2,73,33,32
,47,2,67,64,52
,48,1,76,75,56
,49,1,67,36,20
,50,1,64,64,24
,51,2,61,31,16
,52,1,70,42,32
,53,1,97,75,84
,54,1,67,58,72
,55,1,39,11,8
,56,2,64,42,36
,57,1,85,64,28
,58,2,61,42,28
,59,1,52,22,32
,60,1,61,39,20
,61,1,70,50,28
,62,2,97,86,88
,63,1,55,31,28
,64,1,67,47,4
,65,2,55,42,40
,66,2,55,58,40
,67,2,67,50,56
,68,2,85,86,60
,69,2,79,64,40
,70,1,88,69,56
,71,2,55,39,44
,72,1,55,61,48
,73,1,,69,52
,74,1,88,86,88
,75,2,70,61,56
,76,,82,78,52
,77,1,88,92,68
,78,2,79,44,40
,79,2,61,64,48
,80,2,52,36,32
,81,2,91,92,76
,82,2,94,78,64
,83,1,88,78,68
,84,1,73,58,40
,85,1,64,78,44
,86,1,73,53,32
,87,1,91,86,76
,88,2,67,75,56
,89,1,88,81,64
,90,1,82,69,72
,91,1,88,64,60
,92,1,64,81,84
,93,2,73,53,56
,94,1,85,75,72
,95,1,94,86,68
,96,2,82,81,32
,97,1,70,53,44
,98,2,88,78,60
,99,1,73,64,44
,100,2,79,94,68
,101,1,85,58,44
,102,1,58,81,84
,103,1,94,67,56
,104,2,76,58,52
,105,1,76,64,32
,106,1,64,75,48
,107,2,58,44,32
,108,2,88,69,52
,109,2,94,97,92
,110,1,79,53,32
,111,1,85,69,56
,112,1,73,69,32
,113,2,82,83,80
,114,2,94,92,96
,115,2,85,69,72
,116,2,79,69,68
,117,1,76,39,48
,118,2,67,67,60
,119,2,88,86,80
,120,2,52,36,24
,121,1,85,81,64
,122,2,82,86,72
,123,2,82,61,76
,124,2,64,58,36
,125,1,61,31,4
,126,2,61,39,12
,127,2,88,83,64
,128,2,76,58,56
,129,2,67,53,60
,130,1,79,61,52
,131,2,82,67,64
,132,2,70,53,40
,133,1,79,83,40
,134,2,76,50,44
,135,1,67,67,52
,136,2,82,72,48
,137,2,94,89,80
,138,1,67,61,40
,139,1,85,69,64
,140,1,52,44,48
,141,2,67,28,20
,142,2,88,86,80
,143,2,48,69,52
,144,1,67,72,40
,145,1,85,61,60
,146,,97,89,76
,147,2,61,33,44
,148,2,88,83,92
,149,2,79,69,52
,150,2,70,75,56
,151,2,79,53,52
,152,1,67,61,36
,153,1,33,11,4
,154,1,79,81,44
,155,1,88,69,52
,156,2,94,75,52
,157,1,88,78,48
,158,1,64,50,36
,159,1,88,83,80
,160,2,88,81,72
,161,2,91,75,48
,162,1,76,61,16
,163,1,91,83,84
,164,2,88,33,
,,,,,
,166,2,91,61,68
,167,2,64,81,56
,168,1,76,31,16
,169,1,73,86,56
,170,1,79,53,28
,171,1,45,44,28
,172,2,88,56,64
,173,2,79,50,48
,174,2,88,72,52
,175,2,79,78,84
,176,2,58,44,40
,177,1,79,78,68
,178,1,88,61,52
,179,2,79,89,68
,180,1,42,19,32
,181,1,70,78,56
,182,1,61,39,36
,183,2,97,89,76
,184,1,67,64,32
,,2,67,64,52
,186,1,48,47,40
,187,1,61,33,24
,188,1,61,11,16
,189,2,64,61,48
,190,1,82,78,72
,191,2,76,81,64
,192,1,70,89,68
,,1,52,42,40
,194,1,76,64,48
,195,2,76,89,68
,196,2,94,83,68
,197,2,85,67,64
,198,1,67,33,24
,199,1,58,61,56
,200,2,94,69,72
,201,1,91,89,92
,202,2,58,50,20
,203,2,61,47,28
,204,1,76,67,60
,205,1,70,42,32
,206,2,94,92,84
,207,2,45,39,20
,208,1,67,64,44
,209,1,94,92,76
,210,1,55,50,28
,211,1,67,44,36
,212,1,70,31,32
,213,1,82,67,64
,214,1,88,69,64
,215,2,85,61,72
,216,2,79,69,60
,217,2,85,83,64
,218,2,79,83,60
,219,1,85,69,72
,220,2,67,53,32
,221,2,85,67,60
,222,2,85,61,56
,223,1,85,75,60
,224,2,91,86,80
,225,1,91,86,68
,226,1,61,36,24
,227,2,33,47,36
,228,2,55,75,44
,229,1,79,53,52
,230,2,70,75,68
,231,2,67,36,16
,232,1,79,83,72
,233,2,79,56,64
,234,1,82,75,64
,235,2,85,67,48
,236,2,97,92,92
,237,2,88,67,52
,238,2,97,81,72
,239,1,76,75,68
,240,1,58,53,24
,241,2,79,78,60
,242,1,91,53,44
,243,2,97,61,64
,244,1,88,83,84
,245,2,55,61,48
,246,1,85,72,56
,247,1,76,61,44
,248,1,58,53,44
,249,1,64,39,56
,250,2,73,56,36
,251,1,94,83,68
,252,2,85,61,56
,253,1,94,78,64
,254,2,52,28,28
,255,2,67,47,40
,256,2,88,69,52
,257,1,76,75,40
,258,1,67,39,28
,259,2,79,72,48
,260,1,73,64,68
,261,2,58,50,24
,262,1,82,83,76
,263,1,45,67,60
,264,2,94,86,80
,265,1,70,58,48
,266,2,85,86,44
,267,2,61,56,48
,268,2,67,56,64
,269,1,70,64,36
,270,2,88,58,60
,271,1,94,69,76
,272,1,85,81,72
,273,2,76,44,48
,274,1,79,78,48
,275,1,55,22,32
,276,1,91,83,76
,277,1,82,39,48
,278,2,67,78,64
,279,2,88,97,84
,280,1,88,75,64
,281,2,76,56,64
,282,1,82,67,64
,283,2,88,69,60
,284,2,70,67,40
,285,1,73,89,64
,286,1,79,50,56
,287,1,85,67,68
,288,1,88,64,48
,289,1,52,61,48
,290,1,82,81,60
,291,1,94,86,76
,292,2,79,53,44
,293,1,97,69,84
,294,2,52,42,28
,295,1,79,56,28
,296,2,76,64,48
,297,1,67,67,60
,298,2,48,39,12
,299,1,91,72,68
,300,2,82,75,76
,301,1,85,86,72
,302,1,94,44,52
,303,1,67,86,72
,304,1,73,47,32
,305,2,97,94,88
,306,2,64,56,44
,307,2,73,67,28
,308,2,88,67,68
,309,2,94,64,84
,310,1,85,92,68
,311,1,58,64,40
,312,1,85,53,60
,313,2,82,64,60
,314,2,73,58,36
,315,2,82,58,36
,316,1,61,67,28
,317,2,82,44,40
,318,1,67,64,56
,319,1,73,67,24
,320,2,91,94,92
,321,1,91,81,68
,322,2,82,78,48
,323,1,42,42,44
,324,2,58,50,40
,325,2,76,50,36
,326,2,85,69,76
,327,1,67,58,48
,328,1,91,97,80
,329,1,73,78,56
,330,2,94,94,100
,331,1,79,56,52
,332,1,55,58,48
,333,1,94,92,76
,334,2,76,50,36
,335,2,82,89,76
,336,1,70,58,64
,337,1,45,33,24
,338,2,88,83,76
,339,1,79,64,68
,340,2,76,83,68
,341,1,82,81,60
,342,1,91,92,92
,343,1,88,78,80
,344,1,85,92,76
,345,1,67,72,40
,346,2,70,58,72
,347,1,67,56,36
,348,2,64,39,40
,349,1,,78,76
,350,1,85,67,68
,351,1,85,81,68
,352,1,85,78,48
,353,2,67,47,48
,354,1,85,75,48
,355,2,48,28,12
,356,1,94,92,76
,357,1,67,64,40
,358,2,85,89,84
,359,2,82,50,44
,360,2,85,61,56
,361,2,73,75,80
,362,1,61,31,24
,363,2,67,58,24
,364,2,67,58,60
,365,1,58,53,60
,366,1,82,89,72
,367,1,82,81,84
,368,2,88,56,60
,369,2,79,75,32
,370,2,73,61,68
,371,2,97,86,76
,372,2,70,31,48
,373,2,82,33,32
,374,2,97,86,84
,375,2,79,92,64
,376,1,82,75,76
,377,2,79,75,68
,378,1,85,58,40
,379,2,91,67,52
,380,2,79,75,64
,381,2,67,44,40
,382,2,85,67,40
,383,1,61,64,48
,384,1,73,56,52
,385,1,48,61,32
,386,1,64,61,40
,387,2,70,58,40
,388,2,82,83,52
,389,2,76,61,32
,390,1,79,58,56
,391,1,88,92,80
,392,1,67,61,56
,393,1,88,89,80
,394,2,73,67,72
,395,2,73,81,72
,396,2,70,78,68
,397,1,67,47,36
,398,1,70,47,28
,399,2,58,42,12
,400,1,64,33,40
,401,2,79,53,40
,402,2,85,92,52
,403,1,91,81,68
,404,1,58,67,40
,405,2,70,50,28
,406,1,76,67,48
,407,1,64,31,28
,408,1,67,36,44
,409,1,67,61,44
,410,2,73,44,56
,411,2,76,42,36
,412,2,85,86,76
,413,1,79,56,40
,414,2,48,33,24
,415,2,85,89,84
,416,2,76,69,48
,417,2,85,83,80
,418,2,58,44,44
,419,2,82,75,76
,420,1,91,83,68
,421,2,97,89,52
,422,1,82,58,52
,423,1,67,61,44
,424,1,82,89,48
,425,1,88,64,68
,426,2,88,78,80
,427,1,73,47,48
,428,2,97,75,68
,429,1,82,47,40
,430,2,67,75,56
,431,2,52,44,20
,432,1,70,64,76
,433,2,39,39,20
,434,2,79,83,52
,435,2,64,72,52
,436,1,48,53,40
,437,2,97,83,88
,438,2,55,72,60
,439,2,79,67,52
,440,1,85,72,76
,441,2,39,19,48
,442,2,70,53,40
,443,2,73,56,48
,444,1,94,89,72
,445,1,55,42,44
,446,2,82,81,76
,447,2,91,89,84
,448,2,85,94,68
,449,1,55,44,20
,450,2,79,67,36
,451,1,88,78,80
,452,1,82,81,72
,453,2,55,53,48
,454,1,85,61,68
,455,1,67,50,44
,456,1,91,83,64
,457,1,73,64,40
,458,2,36,44,44
,459,2,73,94,68
,460,1,94,75,60
,461,1,79,61,52
,462,2,85,81,64
,463,2,91,50,60
,464,1,36,28,48
,465,2,91,86,84
,466,2,70,44,52
,467,2,88,81,68
,468,2,73,69,44
,469,2,67,47,48
,470,2,70,56,68
,471,1,76,56,56
,472,2,94,83,72
,473,1,48,36,24
,474,2,67,31,28
,475,1,76,58,36
,476,2,55,44,40
,477,2,85,69,76
,478,2,91,86,76
,479,1,79,44,40
,480,2,70,64,20
,481,2,64,33,40
,482,1,58,39,24
,483,2,97,72,96
,484,1,67,47,40
,485,1,45,19,12
,486,1,91,47,64
,487,2,97,78,80
,488,1,91,50,56
,489,1,76,42,20
,490,2,85,42,68
,491,1,79,81,68
,492,2,70,58,40
,493,1,76,89,72
,494,2,79,,56
,495,2,73,58,48
,496,2,82,78,64
,497,1,67,56,36
,498,2,79,78,52
,499,1,94,83,52
,500,2,85,75,48
,501,2,76,69,64
,502,2,70,64,44
,503,2,88,83,44
,504,1,45,31,36
,505,2,73,50,52
,506,2,76,42,48
,507,1,91,92,56
,508,2,85,61,52
,509,2,85,83,48
,510,2,85,94,96
,511,1,70,42,20
,512,1,70,56,36
,513,1,88,67,64
,514,2,42,14,12
,515,1,91,78,72
,516,1,73,47,44
,517,1,97,83,92
,518,1,91,83,88
,519,1,85,78,64
,520,2,85,64,68
,521,2,76,75,68
,522,1,70,53,48
,523,1,70,83,40
,524,2,82,64,36
,525,1,64,75,36
,526,1,88,75,64
,527,1,79,64,80
,528,2,82,53,44
,529,2,85,39,24
,530,2,97,86,88
,531,2,64,50,44
,532,1,79,81,76
,533,1,88,61,48
,534,1,88,89,76
,535,2,76,69,48
,536,1,79,72,88
,537,2,70,53,64
,538,2,88,69,52
,539,1,88,78,56
,540,1,76,50,48
,541,1,76,67,48
,542,2,79,61,80
,543,1,88,86,60
,544,2,88,86,52
,545,2,42,31,8
,546,1,73,47,24
,547,2,67,56,36
,548,2,88,78,68
,549,2,85,58,32
,550,1,97,83,96
,551,1,64,58,40
,552,1,64,31,60
,553,2,48,50,12
,554,1,61,58,56
,555,2,70,56,32
,556,1,79,39,16
,557,1,79,72,60
,558,2,70,86,68
,559,1,82,89,68
,560,2,45,22,8
,561,1,79,78,44
,562,2,67,47,16
,563,2,70,58,76
,564,1,36,31,28
,565,1,55,72,40
,566,1,70,64,60
,567,2,91,72,56
,568,2,70,69,40
,569,2,79,50,48
,570,2,48,33,44
,571,2,85,64,40
,572,2,70,61,40
,573,2,64,33,28
,574,2,82,81,76
,575,1,67,50,40
,576,1,36,25,16
,577,1,64,75,52
,578,2,85,78,80
,579,1,91,69,56
,580,1,55,42,40
,581,1,76,69,24
,582,2,79,56,48
,583,1,88,78,76
,584,2,58,33,16
,585,2,88,94,72
,586,2,79,89,64
,587,2,76,39,60
,588,2,76,33,28
,589,1,100,100,100
,590,1,79,78,80
,591,2,70,53,60
,592,2,70,50,44
,593,2,91,83,64
,594,2,70,33,36
,595,1,67,53,72
,596,2,73,72,52
,597,2,70,69,52
,598,1,42,36,36
,599,1,61,47,32
,600,2,85,64,60
,601,2,76,50,44
,602,2,91,86,68
,603,2,91,58,44
,604,2,82,81,80
,605,1,85,78,68
,606,2,61,67,48
,607,2,94,92,76
,608,1,67,69,40
,609,2,76,61,40
,610,1,79,69,44
,611,1,70,58,44
,612,2,73,89,56
,613,1,97,94,88
,614,2,88,72,32
,615,2,61,22,32
,616,2,88,89,88
,617,2,61,72,48
,618,2,94,97,92
,619,1,97,92,72
,620,1,58,53,52
,621,2,73,36,20
,622,1,58,72,64
,623,2,91,81,84
,624,1,94,97,84
,625,1,64,47,40
,626,2,70,81,52
,627,2,82,86,84
,628,2,58,44,44
,629,1,79,61,68
,630,1,70,56,52
,631,2,97,75,84
,632,1,76,67,76
,633,1,67,67,40
,634,1,91,94,80
,635,1,79,72,68
,636,1,91,56,68
,637,1,70,67,60
,638,2,82,44,36
,639,1,100,86,88
,640,2,73,83,64
,641,2,88,58,
,642,1,88,81,76
,643,2,94,83,68
,644,2,79,31,36
,645,1,91,83,76
,646,1,73,64,52
,647,1,73,44,60
,648,1,33,31,24
,649,1,97,67,80
,650,2,55,67,60
,651,1,76,61,60
,652,2,91,94,56
,653,2,73,56,48
,654,1,88,69,68
,655,1,76,67,80
,656,1,88,86,84
,657,1,91,86,84
,658,1,97,83,92
,659,1,91,44,48
,660,1,76,69,48
,661,1,97,75,64
,662,2,67,61,36
,663,2,70,64,76
,664,1,58,53,52
,665,2,48,42,32
,666,1,55,39,16
,667,2,94,81,80
,668,1,73,69,56
,669,2,52,78,44
,670,2,45,31,16
,671,1,91,78,84
,672,2,52,42,40
,673,2,73,44,48
,674,2,70,61,44
,675,2,88,72,64
,676,1,79,69,60
,677,2,88,81,88
,678,2,61,44,28
,679,1,79,75,64
,680,1,79,53,28
,681,1,76,78,48
,682,2,91,97,92
,683,2,85,67,64
,684,2,88,89,64
,685,2,64,58,60
,686,2,94,89,44
,687,1,67,53,32
,688,2,85,78,56
,689,1,79,81,64
,690,1,82,89,64
,691,2,73,31,20
,692,1,85,81,72
,693,2,85,67,60
,694,2,64,53,28
,695,1,94,81,52
,696,2,94,92,60
,697,1,91,89,84
,698,2,73,64,52
,699,2,70,64,56
,700,2,91,75,44
,701,1,67,39,56
,702,1,82,64,56
,703,1,94,83,72
,704,1,85,78,60
,705,1,82,92,80
,706,2,64,67,72
,707,1,91,47,28
,708,1,97,89,88
,709,1,85,56,76
,710,2,91,86,60
,711,2,52,42,24
,712,2,97,86,76
,713,2,64,47,28
,714,1,82,72,52
,715,1,45,36,52
,716,2,64,78,36
,717,2,79,58,60
,718,2,82,78,48
,719,2,67,53,68
,720,1,88,61,68
,721,1,91,78,88
,722,2,88,75,44
,723,1,88,69,60
,724,1,76,72,60
,725,1,85,81,56
,726,2,91,81,72
,727,1,67,56,60
,728,2,67,61,44
,729,2,88,83,72
,730,2,76,64,64
,731,1,61,42,36
,732,2,48,28,28
,733,2,91,78,92
,734,2,88,94,60
,735,1,85,83,76
,736,1,58,58,40
,737,2,82,75,52
,738,2,61,61,44
,739,2,70,53,56
,740,1,73,86,56
,741,2,64,61,56
,742,1,64,56,52
,743,1,85,78,52
,744,1,79,61,60
,745,1,85,67,56
,746,2,73,42,64
,747,1,79,64,40
,748,1,100,92,84
,749,1,70,50,48
,750,1,73,58,64
,751,2,94,89,76
,752,1,82,67,60
,753,1,97,94,84
,754,2,73,36,28
,755,1,52,67,52
,756,2,82,58,68
,757,2,79,69,44
,758,2,52,36,28
,759,1,55,31,24
,760,1,61,56,36
,761,1,82,61,48
,762,1,73,53,32
,763,1,73,56,48
,764,2,58,33,12
,765,1,39,39,36
,766,2,61,36,44
,767,2,76,75,60
,768,2,91,97,88
,769,2,76,50,48
,770,2,76,67,60
,771,1,88,61,60
,772,1,67,31,44
,773,1,79,44,28
,774,1,85,64,40
,775,2,85,81,52
,776,1,88,75,92
,777,2,61,67,48
,778,1,82,75,72
,779,1,82,83,64
,780,1,64,58,44
,781,1,94,69,76
,782,1,91,61,76
,783,1,85,72,76
,784,1,76,69,56
,785,1,73,67,56
,786,2,73,72,56
,787,1,58,39,16
,788,2,67,72,76
,789,1,79,89,68
,790,1,91,92,56
,791,2,82,92,84
,792,1,91,94,76
,793,2,30,25,28
,794,2,48,31,24
,795,1,82,75,60
,796,1,88,61,44
,797,2,88,86,84
,798,2,52,42,16
,799,2,39,67,24
,800,1,48,50,20
,801,2,79,81,68
,802,1,73,58,44
,803,2,76,67,52
,804,2,97,94,96
,805,1,67,56,32
,806,2,88,75,64
,807,1,88,58,56
,808,1,73,56,28
,809,1,52,8,20
,810,1,73,,76
,811,2,73,53,56
,812,2,79,72,48
,813,1,85,81,72
,814,2,73,75,56
,815,1,82,78,56
,816,2,67,44,60
,817,1,94,94,88
,818,1,85,75,64
,819,1,61,75,28
,820,1,36,33,16
,821,2,88,89,72
,822,2,64,31,8
,823,1,64,56,36
,824,1,48,36,28
,825,1,70,75,48
,826,1,79,83,44
,827,1,88,64,60
,828,2,88,64,64
,829,1,94,78,84
,830,1,79,78,56
,831,2,70,72,52
,832,1,79,89,76
,833,2,82,75,72
,834,1,67,78,76
,835,1,94,69,48
,836,2,67,78,64
,837,2,76,86,60
,838,1,97,89,60
,839,2,64,39,64
,840,2,88,69,52
,841,1,79,42,32
,842,2,70,72,64
,843,1,61,75,48
,844,1,88,58,56
,845,2,88,86,48
,846,1,91,56,40
,847,1,88,83,64
,848,1,85,83,72
,849,1,79,56,40
,850,2,94,83,72
,851,2,97,89,76
,852,2,94,56,76
,853,1,82,33,40
,854,1,73,61,44
,855,2,97,94,92
,856,1,55,53,52
,857,2,79,81,80
,858,1,94,89,84
,859,2,76,69,48
,860,2,79,44,60
,861,1,82,61,28
,862,1,39,39,28
,863,2,70,69,60
,864,2,79,78,44
,865,1,82,67,68
,866,2,76,53,52
,867,1,88,64,68
,868,2,82,47,44
,869,1,58,61,64
,870,2,73,81,76
,871,2,64,72,68
,872,1,85,81,52
,873,2,42,42,36
,874,2,82,94,76
,875,2,85,69,48
,876,2,79,61,44
,877,1,79,47,60
,878,1,64,69,72
,879,1,58,53,36
,880,2,76,44,52
,881,2,73,78,52
,882,2,33,36,40
,883,1,94,47,48
,884,1,67,64,44
,885,2,61,50,48
,886,1,76,69,52
,887,2,64,69,56
,888,2,79,78,60
,889,2,67,64,36
,890,2,70,53,48
,891,1,88,83,88
,892,1,85,69,72
,893,2,85,72,56
,894,1,79,92,84
,895,1,61,61,44
,896,2,55,61,28
,897,1,79,53,20
,898,1,91,92,76
,899,1,73,53,48
,900,1,64,61,56
,901,2,42,36,40
,902,2,76,78,64
,903,1,100,89,88
,904,2,94,78,68
,905,1,55,47,44
,906,1,73,61,36
,907,1,82,56,56
,908,1,58,28,36
,909,2,70,83,60
,910,1,73,69,44
,911,2,82,56,40
,912,1,85,64,56
,913,1,91,72,84
,914,1,70,56,60
,915,1,70,56,40
,916,2,82,75,52
,917,2,64,53,52
,918,1,82,47,16
,919,2,76,78,80
,920,2,82,75,72
,921,1,85,67,56
,922,1,76,75,72
,923,2,70,53,20
,924,1,88,92,84
,925,2,61,22,44
,926,1,73,53,56
,927,1,55,44,32
,928,1,85,69,64
,929,2,85,42,40
,930,2,70,28,36
,931,,85,67,68
,932,2,61,64,56
,933,2,52,42,56
,934,1,76,75,68
,935,2,88,61,56
,936,1,70,58,92
,937,1,88,75,68
,938,2,91,69,40
,939,1,82,69,44
,940,2,27,19,32
,941,1,55,56,44
,942,2,82,81,60
,943,1,91,86,84
,944,2,61,56,60
,945,2,67,36,48
,946,1,82,67,44
,947,2,79,89,60
,948,1,76,33,32
,949,2,58,31,32
,950,1,61,28,16
,951,1,82,86,72
,952,2,85,64,64
,953,2,82,75,52
,954,1,85,61,36
,955,2,73,81,36
,956,2,94,89,56
,957,1,76,56,44
,958,2,85,86,56
,959,2,70,67,52
,960,2,73,61,60
,961,1,67,56,72
,962,2,70,50,60
,963,2,79,81,56
,964,1,70,58,36
,965,1,73,47,36
,966,2,79,61,64
,967,1,58,36,40
,968,1,94,83,76
,969,1,64,25,48
,970,1,91,83,64
,971,2,61,67,40
,972,1,85,75,52
,973,2,61,50,48
,974,1,88,72,64
,975,1,61,44,20
,976,1,88,67,68
,977,2,97,81,72
,978,1,97,92,80
,979,2,85,69,72
,980,1,67,56,64
,981,1,91,97,88
,982,2,70,58,36
,983,1,79,81,48
,984,2,52,47,44
,985,2,61,53,32
,986,1,52,44,12
,987,1,67,58,40
,988,2,79,69,84
,989,2,33,28,24
,990,2,91,58,40
,991,2,88,78,76
,992,1,48,50,40
,993,2,67,72,56
,994,1,88,86,68
,995,2,79,86,92
,996,2,58,56,44
,997,1,88,67,52
,998,1,85,78,80
,999,1,73,72,20
,1000,1,64,67,48
,1001,2,88,72,64
,1002,2,48,56,24
,1003,1,55,64,48
,1004,1,76,56,48
,1005,1,58,47,44
,1006,1,73,81,76
,1007,1,52,33,48
,1008,2,100,89,84
,1009,2,88,47,68
,1010,2,55,53,48
,1011,1,64,53,40
,1012,1,58,28,16
,1013,1,85,56,32
,1014,2,39,33,4
,1015,2,64,56,40
,1016,2,67,25,24
,1017,1,97,67,76
,1018,1,76,58,32
,1019,1,85,83,60
,1020,1,82,67,68
,1021,2,85,78,72
,1022,2,76,64,60
,1023,2,76,72,76
,1024,2,70,69,48
,1025,2,94,92,72
,1026,2,76,81,56
,1027,1,64,72,24
,1028,1,76,83,52
,1029,1,94,86,68
,1030,2,67,53,28
,1031,1,73,83,68
,1032,2,73,28,40
,1033,2,79,78,68
,1034,1,48,36,36
,1035,1,94,72,84
,1036,1,91,86,72
,1037,2,79,56,72
,1038,2,82,72,68
,1039,2,94,89,92
,1040,1,88,72,80
,1041,1,82,75,56
,1042,2,91,83,92
,1043,2,48,28,36
,1044,2,91,81,84
,1045,1,85,78,60
,1046,1,64,69,56
,1047,2,82,61,56
,1048,1,58,50,36
,1049,1,91,69,60
,1050,1,79,67,36
,1051,2,61,31,36
,1052,2,64,36,32
,1053,1,70,64,32
,1054,1,76,94,76
,1055,1,70,72,60
,1056,1,88,83,68
,1057,2,36,31,16
,1058,2,73,78,64
,1059,2,73,53,60
,1060,2,88,75,68
,1061,1,42,42,36
,1062,2,73,58,48
,1063,1,45,42,32
,1064,1,82,89,80
,1065,2,42,53,28
,1066,2,61,36,48
,1067,2,70,69,52
,1068,1,48,28,32
,1069,2,97,86,80
,1070,1,94,94,84
,1071,1,76,81,60
,1072,1,97,72,72
,1073,2,82,72,56
,1074,1,76,72,48
,1075,2,79,58,28
,1076,2,91,89,88
,1077,2,61,28,44
,1078,2,73,42,24
,1079,2,91,92,68
,1080,2,70,67,76
,1081,1,55,50,64
,1082,2,79,44,36
,1083,1,97,78,64
,1084,1,76,39,52
,1085,1,76,53,52
,1086,2,36,17,8
,1087,2,91,78,60
,1088,2,76,86,64
,1089,1,91,86,88
,1090,1,52,56,52
,1091,1,85,83,72
,1092,2,82,75,72
,1093,1,67,47,44
,1094,1,94,97,92
,1095,2,67,50,36
,1096,1,76,81,56
,1097,1,45,25,36
,1098,1,82,36,40
,1099,2,58,58,32
,1100,1,55,56,48
,1101,2,67,53,68
,1102,2,88,67,60
,1103,2,61,33,36
,1104,2,73,64,52
,1105,2,88,75,72
,1106,2,61,31,28
,1107,2,91,61,52
,1108,1,97,89,92
,1109,1,73,50,60
,1110,1,91,86,80
,1111,2,30,22,20
,1112,2,58,56,52
,1113,2,82,58,64
,1114,2,82,72,76
,1115,1,82,86,84
,1116,1,82,83,84
,1117,2,67,47,56
,1118,2,48,33,64
,1119,2,73,75,60
,1120,1,76,61,60
,1121,1,82,69,76
,1122,1,70,58,68
,1123,2,73,67,60
,1124,1,85,78,60
,1125,2,97,83,84
,1126,1,73,47,40
,1127,2,94,78,44
,1128,2,73,67,40
,1129,2,67,83,52
,1130,2,94,100,84
,1131,1,79,67,40
,1132,1,82,47,60
,1133,1,82,64,40
,1134,1,52,39,44
,1135,2,85,58,52
,1136,2,82,64,72
,1137,2,73,56,56
,1138,2,67,56,44
,1139,1,73,50,44
,1140,1,79,39,52
,1141,2,97,75,68
,1142,2,82,89,72
,1143,1,85,83,68
,1144,1,88,61,40
,1145,2,88,97,84
,1146,1,70,53,60
,1147,1,88,94,80
,1148,2,79,69,52
,1149,1,82,83,80
,1150,1,88,94,88
,1151,2,58,64,20
,1152,1,52,64,44
,1153,1,76,75,48
,1154,2,76,61,56
,1155,2,82,67,56
,1156,2,70,67,48
,1157,2,79,81,60
,1158,2,70,39,48
,1159,1,67,42,16
,1160,1,64,25,36
,1161,1,42,33,12
,1162,1,88,58,60
,1163,2,70,58,36
,1164,2,79,61,52
,1165,2,94,61,56
,1166,2,48,36,8
,1167,2,88,86,72
,1168,2,36,28,20
,1169,1,94,78,76
,1170,2,73,33,36
,1171,2,88,53,40
,1172,1,64,78,60
,1173,2,82,81,60
,1174,1,55,75,36
,1175,1,64,69,64
,1176,2,76,64,48
,1177,1,73,69,40
,1178,1,45,69,56
,1179,2,97,92,80
,1180,2,58,42,20
,1181,1,61,47,28
,1182,1,67,56,32
,1183,2,88,75,44
,1184,2,88,86,76
,1185,1,79,81,52
,1186,1,82,50,44
,1187,1,61,44,8
,1188,2,79,58,52
,1189,2,85,86,68
,1190,2,64,31,24
,1191,1,94,81,76
,1192,1,79,72,56
,1193,2,76,47,48
,1194,1,64,61,32
,1195,2,61,50,52
,1196,2,88,67,48
,1197,2,67,56,32
,1198,2,88,81,68
,1199,1,88,83,68
,1200,1,61,53,44
,1201,1,85,67,48
,1202,2,70,53,28
,1203,2,94,86,72
,1204,2,91,58,84
,1205,1,76,58,52
,1206,2,64,72,36
,1207,2,67,56,28
,1208,,67,69,52
,1209,2,82,,64
,1210,2,55,47,28
,1211,1,91,86,64
,1212,2,58,44,44
,1213,1,88,61,48
,1214,1,85,72,72
,1215,1,64,39,20
,1216,1,64,81,72
,1217,2,91,67,60
,1218,1,82,81,68
,1219,1,82,36,36
,1220,2,36,58,24
,1221,1,85,75,68
,1222,2,67,67,40
,1223,1,79,78,48
,1224,2,45,33,32
,1225,1,70,28,28
,1226,1,67,61,36
,1227,1,67,64,56
,1228,1,79,78,52
,1229,2,91,72,64
,1230,1,94,61,56
,1231,1,85,78,68
,1232,1,91,89,72
,1233,1,88,86,76
,1234,2,85,75,76
,1235,2,85,75,72
,1236,2,58,36,16
,1237,2,88,53,32
,1238,2,52,42,12
,1239,1,76,64,52
,1240,2,88,69,60
,1241,1,36,42,28
,1242,1,70,61,84
,1243,1,82,61,68
,1244,1,79,69,48
,1245,2,76,47,64
,1246,2,82,72,64
,1247,1,64,53,28
,1248,1,88,86,72
,1249,2,97,94,88
,1250,2,82,67,56
,1251,2,73,58,36
,1252,2,79,64,68
,1253,2,67,72,44
,1254,2,64,56,32
,1255,2,85,64,40
,1256,2,94,78,56
,1257,1,58,50,20
,1258,1,79,72,56
,1259,2,73,64,44
,1260,1,48,33,52
,1261,2,70,81,36
,1262,2,85,47,32
,1263,2,79,64,32
,1264,2,85,69,52
,1265,1,82,69,56
,1266,2,58,44,56
,1267,2,52,39,32
,1268,1,73,83,52
,1269,1,88,92,72
,1270,2,76,67,56
,1271,2,79,58,32
,1272,2,91,83,84
,1273,1,64,33,36
,1274,1,85,86,84
,1275,1,55,28,24
,1276,1,67,47,72
,1277,1,91,72,60
,1278,1,61,42,40
,1279,2,64,61,52
,1280,2,76,81,56
,1281,2,61,47,40
,1282,1,70,67,52
,1283,1,91,69,56
,1284,1,91,86,72
,1285,1,94,75,76
,1286,2,97,100,80
,1287,1,61,53,44
,1288,2,64,28,52
,1289,1,91,83,68
,1290,2,82,89,68
,1291,1,79,61,40
,1292,1,88,72,64
,1293,2,94,89,68
,1294,2,64,36,48
,1295,2,85,78,72
,1296,2,73,81,76
,1297,2,58,19,8
,1298,1,76,89,60
,1299,1,76,72,36
,1300,2,64,56,36
,1301,2,91,78,84
,1302,2,85,47,48
,1303,1,97,78,52
,1304,1,85,75,68
,1305,2,91,89,84
,1306,1,91,86,52
,1307,1,88,58,72
,1308,1,76,64,56
,1309,1,70,47,52
,1310,2,91,89,80
,1311,1,58,44,40
,1312,1,61,61,52
,1313,1,82,42,60
,1314,1,79,72,44
,1315,1,88,83,72
,1316,1,42,42,12
,1317,1,76,56,40
,1318,2,94,89,88
,1319,1,82,69,40
,1320,1,76,58,44
,1321,2,76,81,68
,1322,1,79,86,76
,1323,2,94,86,56
,1324,2,85,78,24
,1325,2,58,44,52
,1326,1,82,86,60
,1327,2,79,50,76
,1328,2,91,72,48
,1329,2,70,53,40
,1330,1,82,61,68
,1331,2,82,61,24
,1332,1,88,78,84
,1333,2,85,81,60
,1334,2,85,69,52
,1335,2,45,44,12
,1336,1,39,28,16
,1337,1,79,78,68
,1338,2,97,86,68
,1339,1,88,83,80
,1340,1,82,81,44
,1341,2,85,53,44
,1342,1,82,83,80
,1343,1,88,78,80
,1344,2,79,42,32
,1345,1,82,53,60
,1346,1,88,72,48
,1347,2,79,42,36
,1348,2,94,83,64
,1349,1,73,61,72
,1350,1,70,53,44
,1351,1,64,86,60
,1352,2,39,31,28
,1353,1,82,42,40
,1354,2,67,61,40
,1355,1,79,78,56
,1356,2,42,58,44
,1357,2,33,31,12
,1358,2,70,39,24
,1359,1,70,61,48
,1360,2,58,64,36
,1361,2,45,42,
,1362,2,73,58,48
,1363,1,73,33,40
,1364,1,91,78,36
,1365,2,85,83,48
,1366,2,88,86,76
,1367,2,52,,28
,1368,2,45,25,20
,1369,2,73,64,44
,1370,2,61,39,32
,1371,2,76,56,56
,1372,1,58,31,48
,1373,2,100,81,64
,1374,1,91,61,
,1375,2,97,89,76
,1376,1,88,81,80
,1377,2,97,81,80
,1378,1,85,69,48
,1379,2,79,39,36
,1380,1,91,44,48
,1381,1,61,28,28
,1382,1,85,67,40
,1383,1,76,64,36
,1384,2,91,86,72
,1385,1,76,61,40
,1386,1,61,75,52
,1387,1,61,31,20
,1388,1,88,67,56
,1389,2,55,61,44
,1390,1,58,58,40
,1391,1,100,81,84
,1392,1,82,72,64
,1393,2,70,67,52
,1394,1,73,53,36
,1395,1,76,86,56
,1396,1,58,64,44
,1397,1,64,50,36
,1398,2,79,69,52
,1399,1,88,83,76
,1400,2,82,58,44
,1401,2,97,86,72
,1402,2,67,56,60
,1403,2,94,69,48
,1404,1,76,89,76
,1405,1,45,14,20
,1406,2,61,61,56
,1407,1,97,78,76
,1408,2,67,42,32
,1409,2,85,47,52
,1410,2,79,83,40
,1411,1,76,81,56
,1412,1,82,67,56
,1413,1,82,81,72
,1414,2,70,58,48
,1415,2,85,72,72
,1416,1,58,44,28
,1417,2,64,58,56
,1418,1,67,39,32
,1419,1,85,81,44
,1420,1,85,86,88
,1421,1,73,58,64
,1422,1,94,92,80
,1423,1,88,75,56
,1424,2,64,28,24
,1425,2,67,61,52
,1426,1,82,83,64
,1427,1,82,78,64
,1428,2,82,92,92
,1429,2,85,86,64
,1430,1,88,67,48
,1431,2,70,56,40
,1432,1,55,53,20
,1433,1,55,44,40
,1434,1,70,69,56
,1435,1,70,50,56
,1436,1,88,83,84
,1437,2,61,44,24
,1438,2,85,58,68
,1439,2,97,89,72
,1440,2,61,67,64
,1441,1,61,39,40
,1442,2,70,47,52
,1443,1,67,61,36
,1444,2,79,72,52
,1445,2,67,78,72
,1446,1,70,72,60
,1447,1,55,31,40
,1448,1,67,50,44
,1449,1,58,31,24
,1450,2,67,58,48
,1451,1,73,44,48
,1452,2,79,67,48
,1453,1,85,78,68
,1454,1,70,53,40
,1455,1,85,58,36
,1456,1,85,81,56
,1457,2,58,47,40
,1458,1,67,83,60
,1459,2,82,42,56
,1460,2,67,72,52
,1461,1,70,42,40
,1462,1,67,22,24
,1463,2,82,64,32
,1464,1,85,72,52
,1465,2,76,56,52
,1466,1,82,83,44
,1467,2,97,97,88
,1468,1,82,78,52
,1469,2,70,44,52
,1470,1,73,61,28
,1471,2,85,86,52
,1472,1,39,28,32
,1473,2,76,58,28
,1474,1,73,64,56
,1475,2,64,44,32
,1476,1,91,89,72
,1477,2,82,81,64
,1478,1,67,61,52
,1479,2,91,83,60
,1480,2,91,81,60
,1481,2,42,42,36
,1482,2,88,78,76
,1483,2,67,61,48
,1484,2,94,86,56
,1485,1,70,42,56
,1486,2,52,64,44
,1487,1,100,72,64
,1488,2,82,64,44
,1489,1,48,36,20
,1490,1,85,53,40
,1491,2,76,64,40
,1492,2,94,83,76
,1493,1,82,61,32
,1494,2,52,58,44
,1495,2,61,47,32
,1496,2,85,39,32
,1497,1,64,64,32
,1498,2,79,72,68
,1499,2,58,58,56
,1500,1,76,61,60
,1501,2,76,58,32
,1502,1,94,81,80
,1503,1,82,64,44
,1504,1,61,75,40
,1505,1,79,81,72
,1506,2,82,64,68
,1507,2,61,69,48
,1508,2,82,81,72
,1509,1,55,78,44
,1510,2,79,44,56
,1511,1,76,72,52
,1512,1,79,44,20
,1513,2,88,78,80
,1514,2,85,64,60
,1515,1,91,81,72
,1516,2,67,53,24
,1517,2,58,44,28
,1518,2,70,42,32
,1519,1,94,83,80
,1520,1,55,42,48
,1521,2,70,56,40
,1522,1,45,47,48
,1523,1,52,64,52
,1524,2,79,75,56
,1525,2,64,61,60
,1526,1,97,89,76
,1527,2,70,64,56
,1528,2,91,72,60
,1529,2,82,53,40
,1530,2,45,50,44
,1531,1,85,67,64
,1532,1,79,56,60
,1533,2,79,67,48
,1534,1,76,58,28
,1535,2,76,56,44
,1536,2,91,42,36
,1537,2,45,36,20
,1538,1,52,33,36
,1539,1,85,75,36
,1540,2,79,72,44
,1541,2,64,61,44
,1542,2,88,83,68
,1543,1,76,81,52
,1544,1,61,47,60
,1545,2,91,78,44
,1546,1,85,69,52
,1547,1,94,92,80
,1548,2,85,50,44
,1549,2,64,36,24
,1550,1,76,42,28
,1551,2,82,72,72
,1552,1,73,61,32
,1553,1,70,53,32
,1554,1,94,92,76
,1555,2,85,86,64
,1556,2,76,25,20
,1557,2,94,86,76
,1558,2,82,78,68
,1559,2,91,89,84
,1560,2,73,31,32
,1561,2,88,42,48
,1562,1,,86,56
,1563,1,73,53,40
,1564,1,82,78,40
,,1,73,44,60
,1566,1,97,92,76
,1567,2,91,83,80
,1568,1,97,67,56
,1569,1,88,81,72
,1570,2,52,42,20
,1571,1,58,42,28
,1572,1,82,86,80
,1573,1,39,11,16
,1574,2,88,75,64
,1575,1,48,19,28
,1576,1,79,72,48
,1577,1,82,69,56
,1578,1,91,78,60
,1579,2,94,81,64
,1580,2,55,19,28
,1581,1,73,64,44
,1582,2,88,83,60
,1583,1,58,61,52
,1584,2,94,83,76
,1585,2,85,67,56
,1586,2,70,64,36
,1587,2,42,25,40
,1588,1,94,86,72
,1589,2,76,53,60
,1590,1,64,53,44
,1591,2,94,89,96
,1592,1,76,67,56
,1593,1,91,81,80
,1594,2,67,47,28
,1595,1,88,94,72
,1596,1,70,28,56
,1597,2,70,58,40
,1598,2,21,22,12
,1599,2,79,58,64
,1600,1,58,39,28
,1601,1,67,47,32
,1602,2,94,78,84
,1603,2,91,64,68
,1604,1,79,61,44
,1605,1,73,69,64
,1606,1,79,72,44
,1607,2,64,39,20
,1608,1,82,83,92
,1609,2,70,58,44
,1610,1,85,72,56
,1611,1,76,86,72
,1612,1,85,81,72
,1613,1,52,33,72
,1614,2,48,42,52
,1615,2,82,81,72
,1616,1,85,39,32
,1617,1,39,33,20
,1618,2,82,78,68
,1619,2,88,83,68
,1620,2,64,39,64
,1621,2,85,75,72
,1622,1,91,83,84
,1623,1,94,86,84
,1624,2,76,75,68
,1625,2,48,47,36
,1626,2,85,56,52
,1627,2,70,67,44
,1628,1,55,31,32
,1629,2,67,53,44
,1630,2,82,64,40
,1631,1,85,78,76
,1632,2,94,89,76
,1633,1,55,42,24
,1634,2,67,53,44
,1635,2,88,67,88
,1636,1,94,94,88
,1637,2,94,97,96
,,1,91,75,68
,1639,1,79,58,44
,1640,2,94,86,76
,1641,2,88,,56
,1642,1,61,42,36
,1643,2,79,78,64
,1644,1,64,64,44
,1645,2,70,50,36
,,2,85,50,44
,1647,1,45,58,28
,1648,1,79,78,
,1649,2,64,64,28
,1650,1,94,69,80
,1651,1,82,75,56
,1652,1,85,64,56
,1653,1,73,56,36
,1654,2,76,53,60
,1655,2,88,89,64
,1656,1,94,89,52
,1657,1,70,75,68
,1658,2,55,33,24
,1659,1,73,67,36
,1660,1,82,64,48
,1661,1,82,47,52
,1662,2,85,50,28
,1663,1,79,75,52
,1664,2,91,61,60
,1665,2,91,89,92
,1666,1,85,78,60
,1667,1,58,25,28
,1668,2,76,75,44
,1669,2,42,36,32
,1670,1,79,75,40
,1671,2,76,53,32
,1672,1,79,67,68
,1673,2,67,44,32
,1674,2,70,47,28
,1675,2,82,61,60
,1676,1,85,81,68
,1677,2,70,69,64
,1678,2,55,67,60
,1679,2,42,64,60
,1680,1,64,36,28
,1681,2,85,69,80
,1682,2,70,31,32
,1683,2,64,78,52
,1684,1,64,50,68
,1685,1,94,83,44
,1686,2,76,61,64
,1687,1,70,78,60
,1688,1,76,31,60
,1689,1,67,64,40
,1690,2,97,97,88
,1691,1,64,50,56
,1692,1,82,61,40
,1693,1,67,42,24
,1694,2,97,92,80
,1695,1,61,39,24
,1696,2,82,50,56
,1697,1,73,75,52
,1698,2,79,69,56
,1699,2,67,67,56
,1700,2,70,67,80
,1701,2,85,42,72
,1702,1,76,58,60
,1703,1,97,100,76
,1704,2,85,44,88
,1705,2,91,56,44
,1706,2,64,53,12
,1707,1,79,81,72
,1708,1,82,56,60
,1709,2,100,81,80
,1710,1,61,64,40
,1711,2,76,75,60
,1712,2,73,72,24
,1713,1,70,69,60
,1714,1,64,33,40
,1715,2,58,33,32
,1716,1,70,61,64
,1717,1,33,36,8
,1718,1,55,53,20
,1719,2,85,92,80
,1720,1,55,47,32
,1721,1,67,56,64
,1722,2,73,61,44
,1723,1,85,86,72
,1724,2,70,39,28
,1725,2,64,42,32
,1726,2,88,75,72
,1727,2,91,67,56
,1728,2,76,53,44
,1729,2,88,86,96
,1730,1,70,61,48
,1731,2,85,72,56
,1732,2,88,75,64
,1733,2,88,81,88
,1734,2,70,58,48
,1735,1,82,64,52
,1736,2,76,58,48
,1737,1,97,83,60
,1738,2,88,44,20
,1739,2,85,89,76
,1740,1,85,72,68
,1741,2,79,67,84
,1742,1,94,92,80
,1743,2,48,33,12
,1744,1,61,33,28
,1745,2,73,47,32
,1746,2,42,53,20
,1747,1,42,33,32
,1748,2,91,83,64
,1749,2,58,61,32
,1750,2,73,58,56
,1751,1,64,69,36
,1752,1,91,81,88
,1753,1,52,28,28
,1754,1,73,56,28
,1755,1,67,81,80
,1756,1,73,61,32
,1757,1,76,47,56
,1758,2,64,61,60
,1759,2,48,44,36
,1760,1,88,61,72
,1761,1,58,39,40
,1762,2,82,58,48
,1763,1,76,81,28
,1764,2,85,83,60
,1765,2,94,92,68
,1766,2,94,78,88
,1767,2,70,86,64
,1768,2,88,69,48
,1769,1,67,64,64
,1770,1,76,44,68
,1771,2,61,22,12
,1772,2,52,31,36
,1773,1,61,44,28
,1774,2,67,53,44
,1775,2,42,22,44
,1776,2,100,83,72
,1777,1,88,69,60
,1778,2,94,92,80
,1779,1,85,61,52
,1780,1,91,64,68
,1781,1,85,61,72
,1782,1,52,67,36
,1783,2,76,78,52
,1784,2,73,67,52
,1785,1,64,58,40
,1786,2,70,75,68
,1787,2,82,75,60
,1788,1,73,69,44
,1789,1,91,89,64
,1790,1,82,89,64
,1791,1,85,81,76
,1792,2,61,56,28
,1793,2,88,78,76
,1794,1,55,64,48
,1795,2,61,44,28
,1796,2,70,47,68
,1797,2,85,89,72
,1798,1,76,53,40
,1799,2,91,89,68
,1800,2,70,33,52
,1801,2,79,83,68
,1802,1,36,39,32
,1803,2,58,33,16
,1804,2,79,72,64
,1805,2,67,42,28
,1806,1,67,89,60
,1807,1,67,44,56
,1808,1,91,47,44
,1809,1,52,19,28
,1810,1,94,92,84
,1811,1,79,56,60
,1812,1,76,67,56
,1813,2,82,31,24
,1814,1,91,81,72
,1815,2,85,67,64
,1816,1,82,92,72
,1817,1,52,44,32
,1818,2,73,56,28
,1819,1,79,56,48
,1820,1,58,50,36
,1821,2,67,28,32
,1822,2,55,47,24
,1823,1,82,58,32
,1824,2,61,58,60
,1825,2,70,67,64
,1826,1,70,44,44
,1827,2,94,94,92
,1828,1,85,69,64
,1829,1,88,67,64
,1830,2,55,42,28
,1831,1,88,61,40
,1832,1,88,75,60
,1833,1,73,56,44
,1834,2,67,83,48
,1835,1,61,25,12
,1836,2,88,94,80
,1837,1,58,69,44
,1838,1,67,67,32
,1839,1,85,64,60
,1840,1,73,53,56
,1841,2,88,92,88
,1842,1,91,69,60
,1843,1,64,42,40
,1844,2,79,78,68
,1845,2,79,47,56
,1846,2,55,33,28
,1847,1,70,56,56
,1848,2,88,67,56
,1849,1,70,75,76
,1850,2,97,94,72
,1851,2,61,78,56
,1852,1,70,58,56
,1853,2,70,67,28
,1854,1,70,67,32
,1855,1,55,53,28
,1856,2,82,75,52
,1857,2,76,75,68
,1858,2,76,81,56
,1859,1,52,33,12
,1860,1,58,50,16
,1861,2,70,33,40
,1862,1,82,61,
,1863,1,97,78,60
,1864,2,73,33,28
,1865,1,91,61,76
,1866,1,85,56,44
,1867,1,88,67,68
,1868,1,42,50,44
,1869,2,79,50,48
,1870,1,85,72,40
,1871,2,82,64,36
,1872,2,79,67,32
,1873,2,55,61,64
,1874,2,88,94,52
,1875,1,88,61,44
,1876,,70,42,56
,1877,2,97,75,68
,1878,2,82,50,72
,1879,1,85,83,68
,1880,2,85,56,72
,1881,1,67,39,40
,1882,2,82,86,80
,1883,2,85,69,68
,1884,2,94,64,72
,1885,2,85,75,44
,1886,2,39,36,28
,1887,1,70,64,44
,1888,2,79,58,44
,1889,2,73,89,64
,1890,1,70,33,36
,1891,2,94,86,80
,1892,1,73,67,56
,1893,1,88,67,56
,1894,2,79,78,52
,1895,1,82,39,44
,1896,2,73,47,44
,1897,1,94,72,68
,1898,2,88,64,48
,1899,1,70,78,48
,1900,2,88,81,84
,1901,2,70,47,36
,1902,1,91,50,36
,1903,1,82,72,52
,1904,1,61,64,24
,1905,2,79,61,56
,1906,2,76,64,72
,1907,2,76,53,40
,1908,2,67,75,52
,1909,1,67,53,40
,1910,1,67,69,44
,1911,2,88,64,60
,1912,1,55,53,20
,1913,2,73,50,52
,1914,2,58,39,12
,1915,1,73,53,40
,1916,1,76,78,76
,1917,2,73,64,52
,1918,2,82,72,56
,1919,1,73,64,40
,1920,2,79,75,60
,1921,1,33,36,24
,1922,2,67,44,24
,1923,2,33,28,36
,1924,2,67,75,56
,1925,1,70,75,76
,1926,2,73,31,40
,1927,1,88,47,56
,1928,2,85,69,80
,1929,2,76,78,60
,1930,2,88,36,16
,1931,1,97,78,64
,1932,2,88,72,72
,1933,1,88,67,44
,1934,2,58,33,52
,1935,1,73,86,60
,1936,1,79,67,40
,1937,1,82,86,56
,1938,1,88,69,72
,1939,2,91,83,84
,1940,2,76,50,40
,1941,2,73,92,60
,1942,1,64,67,32
,1943,1,85,81,68
,1944,1,79,83,64
,1945,2,88,81,60
,1946,1,61,47,28
,1947,2,48,44,32
,1948,1,91,97,84
,1949,2,67,33,52
,1950,1,76,42,24
,1951,2,70,81,80
,1952,2,76,47,20
,1953,1,70,64,64
,1954,2,73,58,56
,1955,1,79,75,68
,1956,2,85,81,52
,1957,2,45,22,40
,1958,1,64,75,48
,1959,2,52,39,20
,1960,2,88,69,60
,1961,1,88,72,68
,1962,1,64,64,44
,1963,2,88,64,64
,1964,2,42,44,24
,1965,1,70,53,52
,1966,1,76,69,68
,1967,1,70,81,72
,1968,1,82,58,44
,1969,1,85,78,48
,1970,2,79,67,32
,1971,2,88,86,72
,1972,1,64,67,60
,1973,2,70,83,72
,1974,1,67,78,56
,1975,2,88,67,44
,1976,1,61,33,32
,1977,2,94,89,84
,1978,1,73,44,44
,1979,2,88,75,60
,1980,1,85,83,60
,1981,2,97,78,80
,1982,1,85,83,76
,1983,1,85,67,48
,1984,2,70,72,60
,1985,2,70,42,40
,1986,1,79,83,56
,1987,1,76,72,52
,1988,1,70,69,40
,1989,1,64,44,52
,1990,1,76,42,32
,1991,2,58,64,76
,1992,2,79,89,80
,1993,2,82,81,40
,1994,2,76,67,44
,1995,1,61,64,48
,1996,2,73,69,44
,1997,2,97,86,88
,1998,1,73,50,56
,1999,1,94,75,68
,2000,2,82,81,76
