Area size,ID,Sex,Japanese,Math,Science
3,1,2,82,92,64
1,2,2,79,56,28
1,3,2,82,81,76
2,4,1,67,39,68
1,5,2,82,86,64
2,6,2,82,53,44
4,7,2,58,50,24
1,8,1,70,61,52
3,9,1,61,53,52
3,10,1,97,86,88
3,11,2,79,81,72
2,12,1,82,81,64
1,13,2,82,50,24
3,14,2,61,53,48
3,15,2,88,53,52
1,16,2,73,53,36
3,17,1,88,58,52
3,18,1,61,25,24
3,19,1,70,61,44
3,20,2,42,42,20
3,21,1,76,67,64
2,22,1,91,67,48
3,23,1,85,97,84
3,24,2,79,69,60
3,25,2,55,56,36
2,26,1,73,67,36
3,27,1,67,44,48
3,28,2,76,53,48
3,29,1,67,58,32
4,30,1,91,61,52
3,31,1,94,83,76
4,32,1,91,69,72
3,33,2,64,33,16
2,34,1,48,42,48
3,35,2,55,47,52
3,36,1,94,92,68
4,37,2,88,89,84
1,38,2,61,67,52
1,39,2,76,72,64
3,40,2,82,67,72
3,41,1,91,58,48
1,42,1,85,64,48
3,43,2,55,42,32
1,44,2,76,44,44
1,45,1,94,86,76
2,46,2,73,33,32
2,47,2,67,64,52
1,48,1,76,75,56
3,49,1,67,36,20
1,50,1,64,64,24
1,51,2,61,31,16
4,52,1,70,42,32
2,53,1,97,75,84
4,54,1,67,58,72
3,55,1,39,11,8
3,56,2,64,42,36
1,57,1,85,64,28
3,58,2,61,42,28
3,59,1,52,22,32
2,60,1,61,39,20
2,61,1,70,50,28
3,62,2,97,86,88
3,63,1,55,31,28
3,64,1,67,47,4
3,65,2,55,42,40
4,66,2,55,58,40
3,67,2,67,50,56
3,68,2,85,86,60
3,69,2,79,64,40
1,70,1,88,69,56
2,71,2,55,39,44
1,72,1,55,61,48
1,73,1,88,69,52
2,74,1,88,86,88
4,75,2,70,61,56
4,76,1,82,78,52
2,77,1,88,92,68
3,78,2,79,44,40
3,79,2,61,64,48
3,80,2,52,36,32
3,81,2,91,92,76
3,82,2,94,78,64
1,83,1,88,78,68
3,84,1,73,58,40
3,85,1,64,78,44
3,86,1,73,53,32
3,87,1,91,86,76
4,88,2,67,75,56
4,89,1,88,81,64
3,90,1,82,69,72
3,91,1,88,64,60
3,92,1,64,81,84
4,93,2,73,53,56
3,94,1,85,75,72
3,95,1,94,86,68
3,96,2,82,81,32
3,97,1,70,53,44
2,98,2,88,78,60
3,99,1,73,64,44
1,100,2,79,94,68
3,101,1,85,58,44
3,102,1,58,81,84
1,103,1,94,67,56
1,104,2,76,58,52
2,105,1,76,64,32
3,106,1,64,75,48
1,107,2,58,44,32
1,108,2,88,69,52
4,109,2,94,97,92
1,110,1,79,53,32
3,111,1,85,69,56
3,112,1,73,69,32
3,113,2,82,83,80
3,114,2,94,92,96
3,115,2,85,69,72
4,116,2,79,69,68
1,117,1,76,39,48
3,118,2,67,67,60
3,119,2,88,86,80
2,120,2,52,36,24
3,121,1,85,81,64
2,122,2,82,86,72
1,123,2,82,61,76
4,124,2,64,58,36
3,125,1,61,31,4
1,126,2,61,39,12
4,127,2,88,83,64
1,128,2,76,58,56
1,129,2,67,53,60
3,130,1,79,61,52
2,131,2,82,67,64
4,132,2,70,53,40
4,133,1,79,83,40
2,134,2,76,50,44
3,135,1,67,67,52
2,136,2,82,72,48
3,137,2,94,89,80
1,138,1,67,61,40
3,139,1,85,69,64
3,140,1,52,44,48
1,141,2,67,28,20
3,142,2,88,86,80
1,143,2,48,69,52
3,144,1,67,72,40
3,145,1,85,61,60
3,146,1,97,89,76
3,147,2,61,33,44
4,148,2,88,83,92
3,149,2,79,69,52
3,150,2,70,75,56
1,151,2,79,53,52
3,152,1,67,61,36
4,153,1,33,11,4
2,154,1,79,81,44
3,155,1,88,69,52
3,156,2,94,75,52
1,157,1,88,78,48
3,158,1,64,50,36
4,159,1,88,83,80
3,160,2,88,81,72
1,161,2,91,75,48
3,162,1,76,61,16
3,163,1,91,83,84
1,164,2,88,33,56
3,165,1,82,75,44
1,166,2,91,61,68
3,167,2,64,81,56
3,168,1,76,31,16
1,169,1,73,86,56
4,170,1,79,53,28
2,171,1,45,44,28
3,172,2,88,56,64
3,173,2,79,50,48
3,174,2,88,72,52
2,175,2,79,78,84
1,176,2,58,44,40
2,177,1,79,78,68
3,178,1,88,61,52
1,179,2,79,89,68
3,180,1,42,19,32
4,181,1,70,78,56
3,182,1,61,39,36
3,183,2,97,89,76
3,184,1,67,64,32
4,185,2,67,64,52
3,186,1,48,47,40
3,187,1,61,33,24
1,188,1,61,11,16
2,189,2,64,61,48
3,190,1,82,78,72
1,191,2,76,81,64
3,192,1,70,89,68
3,193,1,52,42,40
3,194,1,76,64,48
3,195,2,76,89,68
3,196,2,94,83,68
2,197,2,85,67,64
2,198,1,67,33,24
1,199,1,58,61,56
1,200,2,94,69,72
1,201,1,91,89,92
3,202,2,58,50,20
1,203,2,61,47,28
1,204,1,76,67,60
3,205,1,70,42,32
3,206,2,94,92,84
4,207,2,45,39,20
1,208,1,67,64,44
3,209,1,94,92,76
1,210,1,55,50,28
1,211,1,67,44,36
3,212,1,70,31,32
1,213,1,82,67,64
3,214,1,88,69,64
3,215,2,85,61,72
3,216,2,79,69,60
3,217,2,85,83,64
3,218,2,79,83,60
3,219,1,85,69,72
3,220,2,67,53,32
2,221,2,85,67,60
2,222,2,85,61,56
3,223,1,85,75,60
3,224,2,91,86,80
3,225,1,91,86,68
3,226,1,61,36,24
3,227,2,33,47,36
3,228,2,55,75,44
2,229,1,79,53,52
3,230,2,70,75,68
3,231,2,67,36,16
4,232,1,79,83,72
3,233,2,79,56,64
3,234,1,82,75,64
1,235,2,85,67,48
3,236,2,97,92,92
3,237,2,88,67,52
3,238,2,97,81,72
3,239,1,76,75,68
3,240,1,58,53,24
3,241,2,79,78,60
3,242,1,91,53,44
3,243,2,97,61,64
2,244,1,88,83,84
3,245,2,55,61,48
4,246,1,85,72,56
3,247,1,76,61,44
1,248,1,58,53,44
3,249,1,64,39,56
3,250,2,73,56,36
3,251,1,94,83,68
3,252,2,85,61,56
3,253,1,94,78,64
3,254,2,52,28,28
3,255,2,67,47,40
4,256,2,88,69,52
3,257,1,76,75,40
2,258,1,67,39,28
3,259,2,79,72,48
1,260,1,73,64,68
2,261,2,58,50,24
1,262,1,82,83,76
4,263,1,45,67,60
3,264,2,94,86,80
3,265,1,70,58,48
3,266,2,85,86,44
1,267,2,61,56,48
1,268,2,67,56,64
1,269,1,70,64,36
2,270,2,88,58,60
3,271,1,94,69,76
2,272,1,85,81,72
4,273,2,76,44,48
3,274,1,79,78,48
3,275,1,55,22,32
1,276,1,91,83,76
4,277,1,82,39,48
2,278,2,67,78,64
1,279,2,88,97,84
1,280,1,88,75,64
3,281,2,76,56,64
3,282,1,82,67,64
3,283,2,88,69,60
4,284,2,70,67,40
3,285,1,73,89,64
1,286,1,79,50,56
3,287,1,85,67,68
2,288,1,88,64,48
3,289,1,52,61,48
3,290,1,82,81,60
2,291,1,94,86,76
2,292,2,79,53,44
1,293,1,97,69,84
3,294,2,52,42,28
2,295,1,79,56,28
3,296,2,76,64,48
3,297,1,67,67,60
1,298,2,48,39,12
3,299,1,91,72,68
3,300,2,82,75,76
3,301,1,85,86,72
3,302,1,94,44,52
3,303,1,67,86,72
1,304,1,73,47,32
2,305,2,97,94,88
3,306,2,64,56,44
3,307,2,73,67,28
3,308,2,88,67,68
3,309,2,94,64,84
3,310,1,85,92,68
3,311,1,58,64,40
3,312,1,85,53,60
3,313,2,82,64,60
3,314,2,73,58,36
4,315,2,82,58,36
3,316,1,61,67,28
2,317,2,82,44,40
3,318,1,67,64,56
4,319,1,73,67,24
3,320,2,91,94,92
3,321,1,91,81,68
3,322,2,82,78,48
2,323,1,42,42,44
3,324,2,58,50,40
3,325,2,76,50,36
4,326,2,85,69,76
3,327,1,67,58,48
1,328,1,91,97,80
3,329,1,73,78,56
3,330,2,94,94,100
3,331,1,79,56,52
1,332,1,55,58,48
2,333,1,94,92,76
3,334,2,76,50,36
3,335,2,82,89,76
1,336,1,70,58,64
3,337,1,45,33,24
3,338,2,88,83,76
2,339,1,79,64,68
2,340,2,76,83,68
1,341,1,82,81,60
4,342,1,91,92,92
3,343,1,88,78,80
4,344,1,85,92,76
2,345,1,67,72,40
1,346,2,70,58,72
3,347,1,67,56,36
3,348,2,64,39,40
2,349,1,64,78,76
3,350,1,85,67,68
2,351,1,85,81,68
1,352,1,85,78,48
1,353,2,67,47,48
1,354,1,85,75,48
3,355,2,48,28,12
1,356,1,94,92,76
2,357,1,67,64,40
4,358,2,85,89,84
4,359,2,82,50,44
3,360,2,85,61,56
2,361,2,73,75,80
3,362,1,61,31,24
2,363,2,67,58,24
4,364,2,67,58,60
3,365,1,58,53,60
3,366,1,82,89,72
3,367,1,82,81,84
1,368,2,88,56,60
1,369,2,79,75,32
2,370,2,73,61,68
3,371,2,97,86,76
1,372,2,70,31,48
2,373,2,82,33,32
2,374,2,97,86,84
3,375,2,79,92,64
1,376,1,82,75,76
3,377,2,79,75,68
2,378,1,85,58,40
3,379,2,91,67,52
3,380,2,79,75,64
3,381,2,67,44,40
2,382,2,85,67,40
1,383,1,61,64,48
3,384,1,73,56,52
3,385,1,48,61,32
1,386,1,64,61,40
1,387,2,70,58,40
1,388,2,82,83,52
1,389,2,76,61,32
1,390,1,79,58,56
3,391,1,88,92,80
2,392,1,67,61,56
3,393,1,88,89,80
1,394,2,73,67,72
3,395,2,73,81,72
3,396,2,70,78,68
2,397,1,67,47,36
1,398,1,70,47,28
3,399,2,58,42,12
3,400,1,64,33,40
3,401,2,79,53,40
3,402,2,85,92,52
3,403,1,91,81,68
1,404,1,58,67,40
3,405,2,70,50,28
3,406,1,76,67,48
4,407,1,64,31,28
4,408,1,67,36,44
3,409,1,67,61,44
1,410,2,73,44,56
3,411,2,76,42,36
2,412,2,85,86,76
2,413,1,79,56,40
1,414,2,48,33,24
3,415,2,85,89,84
1,416,2,76,69,48
3,417,2,85,83,80
3,418,2,58,44,44
4,419,2,82,75,76
1,420,1,91,83,68
2,421,2,97,89,52
2,422,1,82,58,52
3,423,1,67,61,44
3,424,1,82,89,48
1,425,1,88,64,68
3,426,2,88,78,80
2,427,1,73,47,48
3,428,2,97,75,68
3,429,1,82,47,40
3,430,2,67,75,56
3,431,2,52,44,20
3,432,1,70,64,76
3,433,2,39,39,20
3,434,2,79,83,52
4,435,2,64,72,52
4,436,1,48,53,40
3,437,2,97,83,88
1,438,2,55,72,60
1,439,2,79,67,52
2,440,1,85,72,76
2,441,2,39,19,48
1,442,2,70,53,40
3,443,2,73,56,48
1,444,1,94,89,72
2,445,1,55,42,44
3,446,2,82,81,76
1,447,2,91,89,84
2,448,2,85,94,68
3,449,1,55,44,20
3,450,2,79,67,36
3,451,1,88,78,80
4,452,1,82,81,72
1,453,2,55,53,48
1,454,1,85,61,68
3,455,1,67,50,44
1,456,1,91,83,64
3,457,1,73,64,40
3,458,2,36,44,44
1,459,2,73,94,68
3,460,1,94,75,60
1,461,1,79,61,52
4,462,2,85,81,64
3,463,2,91,50,60
3,464,1,36,28,48
3,465,2,91,86,84
2,466,2,70,44,52
3,467,2,88,81,68
2,468,2,73,69,44
1,469,2,67,47,48
3,470,2,70,56,68
3,471,1,76,56,56
3,472,2,94,83,72
3,473,1,48,36,24
4,474,2,67,31,28
1,475,1,76,58,36
4,476,2,55,44,40
3,477,2,85,69,76
1,478,2,91,86,76
1,479,1,79,44,40
2,480,2,70,64,20
1,481,2,64,33,40
1,482,1,58,39,24
2,483,2,97,72,96
2,484,1,67,47,40
3,485,1,45,19,12
3,486,1,91,47,64
3,487,2,97,78,80
3,488,1,91,50,56
2,489,1,76,42,20
3,490,2,85,42,68
3,491,1,79,81,68
3,492,2,70,58,40
4,493,1,76,89,72
2,494,2,79,92,56
3,495,2,73,58,48
1,496,2,82,78,64
1,497,1,67,56,36
3,498,2,79,78,52
1,499,1,94,83,52
3,500,2,85,75,48
3,501,2,76,69,64
3,502,2,70,64,44
4,503,2,88,83,44
2,504,1,45,31,36
3,505,2,73,50,52
3,506,2,76,42,48
3,507,1,91,92,56
3,508,2,85,61,52
2,509,2,85,83,48
3,510,2,85,94,96
2,511,1,70,42,20
3,512,1,70,56,36
3,513,1,88,67,64
1,514,2,42,14,12
4,515,1,91,78,72
3,516,1,73,47,44
3,517,1,97,83,92
3,518,1,91,83,88
1,519,1,85,78,64
3,520,2,85,64,68
3,521,2,76,75,68
2,522,1,70,53,48
1,523,1,70,83,40
1,524,2,82,64,36
3,525,1,64,75,36
2,526,1,88,75,64
4,527,1,79,64,80
3,528,2,82,53,44
3,529,2,85,39,24
3,530,2,97,86,88
3,531,2,64,50,44
3,532,1,79,81,76
3,533,1,88,61,48
1,534,1,88,89,76
1,535,2,76,69,48
2,536,1,79,72,88
3,537,2,70,53,64
3,538,2,88,69,52
2,539,1,88,78,56
3,540,1,76,50,48
2,541,1,76,67,48
3,542,2,79,61,80
2,543,1,88,86,60
3,544,2,88,86,52
2,545,2,42,31,8
2,546,1,73,47,24
1,547,2,67,56,36
3,548,2,88,78,68
2,549,2,85,58,32
3,550,1,97,83,96
3,551,1,64,58,40
3,552,1,64,31,60
1,553,2,48,50,12
2,554,1,61,58,56
2,555,2,70,56,32
3,556,1,79,39,16
1,557,1,79,72,60
2,558,2,70,86,68
1,559,1,82,89,68
4,560,2,45,22,8
1,561,1,79,78,44
3,562,2,67,47,16
3,563,2,70,58,76
3,564,1,36,31,28
1,565,1,55,72,40
4,566,1,70,64,60
4,567,2,91,72,56
3,568,2,70,69,40
3,569,2,79,50,48
3,570,2,48,33,44
3,571,2,85,64,40
4,572,2,70,61,40
1,573,2,64,33,28
3,574,2,82,81,76
4,575,1,67,50,40
3,576,1,36,25,16
3,577,1,64,75,52
3,578,2,85,78,80
4,579,1,91,69,56
3,580,1,55,42,40
1,581,1,76,69,24
2,582,2,79,56,48
3,583,1,88,78,76
3,584,2,58,33,16
3,585,2,88,94,72
1,586,2,79,89,64
3,587,2,76,39,60
2,588,2,76,33,28
4,589,1,100,100,100
1,590,1,79,78,80
1,591,2,70,53,60
2,592,2,70,50,44
2,593,2,91,83,64
3,594,2,70,33,36
3,595,1,67,53,72
1,596,2,73,72,52
3,597,2,70,69,52
3,598,1,42,36,36
2,599,1,61,47,32
1,600,2,85,64,60
3,601,2,76,50,44
2,602,2,91,86,68
1,603,2,91,58,44
1,604,2,82,81,80
3,605,1,85,78,68
3,606,2,61,67,48
2,607,2,94,92,76
3,608,1,67,69,40
3,609,2,76,61,40
1,610,1,79,69,44
1,611,1,70,58,44
1,612,2,73,89,56
3,613,1,97,94,88
3,614,2,88,72,32
2,615,2,61,22,32
2,616,2,88,89,88
1,617,2,61,72,48
1,618,2,94,97,92
1,619,1,97,92,72
3,620,1,58,53,52
3,621,2,73,36,20
1,622,1,58,72,64
3,623,2,91,81,84
3,624,1,94,97,84
2,625,1,64,47,40
3,626,2,70,81,52
3,627,2,82,86,84
3,628,2,58,44,44
3,629,1,79,61,68
3,630,1,70,56,52
3,631,2,97,75,84
3,632,1,76,67,76
3,633,1,67,67,40
3,634,1,91,94,80
1,635,1,79,72,68
3,636,1,91,56,68
2,637,1,70,67,60
4,638,2,82,44,36
1,639,1,100,86,88
1,640,2,73,83,64
3,641,2,88,58,76
3,642,1,88,81,76
2,643,2,94,83,68
2,644,2,79,31,36
3,645,1,91,83,76
3,646,1,73,64,52
3,647,1,73,44,60
1,648,1,33,31,24
3,649,1,97,67,80
3,650,2,55,67,60
3,651,1,76,61,60
3,652,2,91,94,56
2,653,2,73,56,48
3,654,1,88,69,68
2,655,1,76,67,80
4,656,1,88,86,84
3,657,1,91,86,84
3,658,1,97,83,92
3,659,1,91,44,48
4,660,1,76,69,48
3,661,1,97,75,64
1,662,2,67,61,36
4,663,2,70,64,76
3,664,1,58,53,52
2,665,2,48,42,32
3,666,1,55,39,16
3,667,2,94,81,80
3,668,1,73,69,56
3,669,2,52,78,44
1,670,2,45,31,16
3,671,1,91,78,84
4,672,2,52,42,40
1,673,2,73,44,48
3,674,2,70,61,44
3,675,2,88,72,64
2,676,1,79,69,60
3,677,2,88,81,88
4,678,2,61,44,28
3,679,1,79,75,64
3,680,1,79,53,28
1,681,1,76,78,48
3,682,2,91,97,92
2,683,2,85,67,64
1,684,2,88,89,64
4,685,2,64,58,60
4,686,2,94,89,44
3,687,1,67,53,32
3,688,2,85,78,56
2,689,1,79,81,64
3,690,1,82,89,64
3,691,2,73,31,20
3,692,1,85,81,72
3,693,2,85,67,60
3,694,2,64,53,28
3,695,1,94,81,52
3,696,2,94,92,60
3,697,1,91,89,84
2,698,2,73,64,52
1,699,2,70,64,56
2,700,2,91,75,44
1,701,1,67,39,56
3,702,1,82,64,56
2,703,1,94,83,72
3,704,1,85,78,60
3,705,1,82,92,80
3,706,2,64,67,72
3,707,1,91,47,28
1,708,1,97,89,88
3,709,1,85,56,76
4,710,2,91,86,60
3,711,2,52,42,24
3,712,2,97,86,76
1,713,2,64,47,28
3,714,1,82,72,52
3,715,1,45,36,52
4,716,2,64,78,36
3,717,2,79,58,60
3,718,2,82,78,48
3,719,2,67,53,68
3,720,1,88,61,68
3,721,1,91,78,88
1,722,2,88,75,44
1,723,1,88,69,60
3,724,1,76,72,60
4,725,1,85,81,56
1,726,2,91,81,72
4,727,1,67,56,60
3,728,2,67,61,44
4,729,2,88,83,72
1,730,2,76,64,64
3,731,1,61,42,36
3,732,2,48,28,28
3,733,2,91,78,92
4,734,2,88,94,60
3,735,1,85,83,76
1,736,1,58,58,40
1,737,2,82,75,52
1,738,2,61,61,44
3,739,2,70,53,56
3,740,1,73,86,56
3,741,2,64,61,56
2,742,1,64,56,52
4,743,1,85,78,52
4,744,1,79,61,60
3,745,1,85,67,56
3,746,2,73,42,64
3,747,1,79,64,40
3,748,1,100,92,84
3,749,1,70,50,48
1,750,1,73,58,64
3,751,2,94,89,76
3,752,1,82,67,60
1,753,1,97,94,84
3,754,2,73,36,28
3,755,1,52,67,52
3,756,2,82,58,68
4,757,2,79,69,44
4,758,2,52,36,28
4,759,1,55,31,24
3,760,1,61,56,36
3,761,1,82,61,48
1,762,1,73,53,32
1,763,1,73,56,48
4,764,2,58,33,12
3,765,1,39,39,36
1,766,2,61,36,44
1,767,2,76,75,60
1,768,2,91,97,88
3,769,2,76,50,48
3,770,2,76,67,60
1,771,1,88,61,60
4,772,1,67,31,44
3,773,1,79,44,28
2,774,1,85,64,40
1,775,2,85,81,52
2,776,1,88,75,92
3,777,2,61,67,48
2,778,1,82,75,72
3,779,1,82,83,64
3,780,1,64,58,44
1,781,1,94,69,76
4,782,1,91,61,76
3,783,1,85,72,76
3,784,1,76,69,56
3,785,1,73,67,56
1,786,2,73,72,56
3,787,1,58,39,16
3,788,2,67,72,76
4,789,1,79,89,68
1,790,1,91,92,56
1,791,2,82,92,84
3,792,1,91,94,76
2,793,2,30,25,28
1,794,2,48,31,24
3,795,1,82,75,60
2,796,1,88,61,44
2,797,2,88,86,84
3,798,2,52,42,16
3,799,2,39,67,24
3,800,1,48,50,20
3,801,2,79,81,68
3,802,1,73,58,44
1,803,2,76,67,52
2,804,2,97,94,96
3,805,1,67,56,32
1,806,2,88,75,64
1,807,1,88,58,56
3,808,1,73,56,28
3,809,1,52,8,20
1,810,1,73,64,76
3,811,2,73,53,56
3,812,2,79,72,48
2,813,1,85,81,72
4,814,2,73,75,56
3,815,1,82,78,56
1,816,2,67,44,60
3,817,1,94,94,88
1,818,1,85,75,64
1,819,1,61,75,28
1,820,1,36,33,16
3,821,2,88,89,72
1,822,2,64,31,8
2,823,1,64,56,36
1,824,1,48,36,28
3,825,1,70,75,48
3,826,1,79,83,44
1,827,1,88,64,60
1,828,2,88,64,64
4,829,1,94,78,84
3,830,1,79,78,56
3,831,2,70,72,52
2,832,1,79,89,76
3,833,2,82,75,72
3,834,1,67,78,76
3,835,1,94,69,48
3,836,2,67,78,64
3,837,2,76,86,60
3,838,1,97,89,60
3,839,2,64,39,64
2,840,2,88,69,52
3,841,1,79,42,32
1,842,2,70,72,64
1,843,1,61,75,48
3,844,1,88,58,56
3,845,2,88,86,48
1,846,1,91,56,40
4,847,1,88,83,64
3,848,1,85,83,72
1,849,1,79,56,40
3,850,2,94,83,72
3,851,2,97,89,76
1,852,2,94,56,76
1,853,1,82,33,40
3,854,1,73,61,44
3,855,2,97,94,92
3,856,1,55,53,52
4,857,2,79,81,80
2,858,1,94,89,84
2,859,2,76,69,48
3,860,2,79,44,60
3,861,1,82,61,28
3,862,1,39,39,28
1,863,2,70,69,60
2,864,2,79,78,44
3,865,1,82,67,68
4,866,2,76,53,52
1,867,1,88,64,68
4,868,2,82,47,44
4,869,1,58,61,64
3,870,2,73,81,76
3,871,2,64,72,68
3,872,1,85,81,52
1,873,2,42,42,36
3,874,2,82,94,76
1,875,2,85,69,48
3,876,2,79,61,44
3,877,1,79,47,60
1,878,1,64,69,72
1,879,1,58,53,36
3,880,2,76,44,52
3,881,2,73,78,52
3,882,2,33,36,40
3,883,1,94,47,48
3,884,1,67,64,44
3,885,2,61,50,48
2,886,1,76,69,52
3,887,2,64,69,56
4,888,2,79,78,60
3,889,2,67,64,36
1,890,2,70,53,48
3,891,1,88,83,88
3,892,1,85,69,72
2,893,2,85,72,56
3,894,1,79,92,84
3,895,1,61,61,44
3,896,2,55,61,28
2,897,1,79,53,20
3,898,1,91,92,76
1,899,1,73,53,48
3,900,1,64,61,56
2,901,2,42,36,40
2,902,2,76,78,64
2,903,1,100,89,88
3,904,2,94,78,68
3,905,1,55,47,44
3,906,1,73,61,36
2,907,1,82,56,56
2,908,1,58,28,36
1,909,2,70,83,60
3,910,1,73,69,44
3,911,2,82,56,40
1,912,1,85,64,56
1,913,1,91,72,84
2,914,1,70,56,60
3,915,1,70,56,40
2,916,2,82,75,52
3,917,2,64,53,52
2,918,1,82,47,16
3,919,2,76,78,80
1,920,2,82,75,72
2,921,1,85,67,56
2,922,1,76,75,72
2,923,2,70,53,20
3,924,1,88,92,84
2,925,2,61,22,44
1,926,1,73,53,56
3,927,1,55,44,32
2,928,1,85,69,64
2,929,2,85,42,40
1,930,2,70,28,36
1,931,2,85,67,68
2,932,2,61,64,56
3,933,2,52,42,56
3,934,1,76,75,68
3,935,2,88,61,56
2,936,1,70,58,92
2,937,1,88,75,68
4,938,2,91,69,40
2,939,1,82,69,44
3,940,2,27,19,32
3,941,1,55,56,44
4,942,2,82,81,60
3,943,1,91,86,84
3,944,2,61,56,60
1,945,2,67,36,48
4,946,1,82,67,44
4,947,2,79,89,60
1,948,1,76,33,32
1,949,2,58,31,32
1,950,1,61,28,16
1,951,1,82,86,72
3,952,2,85,64,64
3,953,2,82,75,52
1,954,1,85,61,36
1,955,2,73,81,36
3,956,2,94,89,56
1,957,1,76,56,44
3,958,2,85,86,56
4,959,2,70,67,52
3,960,2,73,61,60
3,961,1,67,56,72
3,962,2,70,50,60
3,963,2,79,81,56
3,964,1,70,58,36
3,965,1,73,47,36
3,966,2,79,61,64
2,967,1,58,36,40
3,968,1,94,83,76
1,969,1,64,25,48
1,970,1,91,83,64
4,971,2,61,67,40
3,972,1,85,75,52
3,973,2,61,50,48
1,974,1,88,72,64
3,975,1,61,44,20
1,976,1,88,67,68
2,977,2,97,81,72
3,978,1,97,92,80
4,979,2,85,69,72
3,980,1,67,56,64
3,981,1,91,97,88
4,982,2,70,58,36
3,983,1,79,81,48
4,984,2,52,47,44
1,985,2,61,53,32
2,986,1,52,44,12
3,987,1,67,58,40
3,988,2,79,69,84
1,989,2,33,28,24
1,990,2,91,58,40
2,991,2,88,78,76
3,992,1,48,50,40
1,993,2,67,72,56
2,994,1,88,86,68
3,995,2,79,86,92
3,996,2,58,56,44
1,997,1,88,67,52
1,998,1,85,78,80
1,999,1,73,72,20
1,1000,1,64,67,48
3,1001,2,88,72,64
3,1002,2,48,56,24
1,1003,1,55,64,48
3,1004,1,76,56,48
1,1005,1,58,47,44
1,1006,1,73,81,76
3,1007,1,52,33,48
1,1008,2,100,89,84
1,1009,2,88,47,68
1,1010,2,55,53,48
2,1011,1,64,53,40
3,1012,1,58,28,16
3,1013,1,85,56,32
2,1014,2,39,33,4
3,1015,2,64,56,40
3,1016,2,67,25,24
3,1017,1,97,67,76
4,1018,1,76,58,32
2,1019,1,85,83,60
3,1020,1,82,67,68
3,1021,2,85,78,72
3,1022,2,76,64,60
3,1023,2,76,72,76
1,1024,2,70,69,48
3,1025,2,94,92,72
3,1026,2,76,81,56
3,1027,1,64,72,24
1,1028,1,76,83,52
3,1029,1,94,86,68
3,1030,2,67,53,28
1,1031,1,73,83,68
1,1032,2,73,28,40
4,1033,2,79,78,68
3,1034,1,48,36,36
1,1035,1,94,72,84
2,1036,1,91,86,72
3,1037,2,79,56,72
2,1038,2,82,72,68
3,1039,2,94,89,92
3,1040,1,88,72,80
3,1041,1,82,75,56
3,1042,2,91,83,92
3,1043,2,48,28,36
3,1044,2,91,81,84
3,1045,1,85,78,60
3,1046,1,64,69,56
3,1047,2,82,61,56
4,1048,1,58,50,36
3,1049,1,91,69,60
1,1050,1,79,67,36
1,1051,2,61,31,36
3,1052,2,64,36,32
1,1053,1,70,64,32
2,1054,1,76,94,76
1,1055,1,70,72,60
2,1056,1,88,83,68
3,1057,2,36,31,16
1,1058,2,73,78,64
3,1059,2,73,53,60
3,1060,2,88,75,68
3,1061,1,42,42,36
1,1062,2,73,58,48
3,1063,1,45,42,32
2,1064,1,82,89,80
3,1065,2,42,53,28
4,1066,2,61,36,48
4,1067,2,70,69,52
1,1068,1,48,28,32
1,1069,2,97,86,80
3,1070,1,94,94,84
3,1071,1,76,81,60
3,1072,1,97,72,72
3,1073,2,82,72,56
2,1074,1,76,72,48
3,1075,2,79,58,28
3,1076,2,91,89,88
3,1077,2,61,28,44
4,1078,2,73,42,24
2,1079,2,91,92,68
3,1080,2,70,67,76
1,1081,1,55,50,64
3,1082,2,79,44,36
4,1083,1,97,78,64
3,1084,1,76,39,52
3,1085,1,76,53,52
3,1086,2,36,17,8
3,1087,2,91,78,60
3,1088,2,76,86,64
3,1089,1,91,86,88
1,1090,1,52,56,52
3,1091,1,85,83,72
3,1092,2,82,75,72
3,1093,1,67,47,44
1,1094,1,94,97,92
3,1095,2,67,50,36
1,1096,1,76,81,56
2,1097,1,45,25,36
3,1098,1,82,36,40
3,1099,2,58,58,32
3,1100,1,55,56,48
2,1101,2,67,53,68
3,1102,2,88,67,60
3,1103,2,61,33,36
3,1104,2,73,64,52
2,1105,2,88,75,72
4,1106,2,61,31,28
3,1107,2,91,61,52
3,1108,1,97,89,92
3,1109,1,73,50,60
3,1110,1,91,86,80
2,1111,2,30,22,20
3,1112,2,58,56,52
3,1113,2,82,58,64
3,1114,2,82,72,76
2,1115,1,82,86,84
4,1116,1,82,83,84
2,1117,2,67,47,56
1,1118,2,48,33,64
1,1119,2,73,75,60
3,1120,1,76,61,60
3,1121,1,82,69,76
2,1122,1,70,58,68
4,1123,2,73,67,60
3,1124,1,85,78,60
3,1125,2,97,83,84
3,1126,1,73,47,40
1,1127,2,94,78,44
3,1128,2,73,67,40
3,1129,2,67,83,52
1,1130,2,94,100,84
4,1131,1,79,67,40
3,1132,1,82,47,60
1,1133,1,82,64,40
1,1134,1,52,39,44
3,1135,2,85,58,52
3,1136,2,82,64,72
3,1137,2,73,56,56
1,1138,2,67,56,44
1,1139,1,73,50,44
3,1140,1,79,39,52
4,1141,2,97,75,68
1,1142,2,82,89,72
2,1143,1,85,83,68
2,1144,1,88,61,40
3,1145,2,88,97,84
3,1146,1,70,53,60
3,1147,1,88,94,80
1,1148,2,79,69,52
1,1149,1,82,83,80
2,1150,1,88,94,88
3,1151,2,58,64,20
1,1152,1,52,64,44
3,1153,1,76,75,48
2,1154,2,76,61,56
1,1155,2,82,67,56
1,1156,2,70,67,48
3,1157,2,79,81,60
3,1158,2,70,39,48
3,1159,1,67,42,16
3,1160,1,64,25,36
3,1161,1,42,33,12
2,1162,1,88,58,60
3,1163,2,70,58,36
2,1164,2,79,61,52
3,1165,2,94,61,56
1,1166,2,48,36,8
3,1167,2,88,86,72
3,1168,2,36,28,20
3,1169,1,94,78,76
2,1170,2,73,33,36
3,1171,2,88,53,40
3,1172,1,64,78,60
3,1173,2,82,81,60
3,1174,1,55,75,36
3,1175,1,64,69,64
2,1176,2,76,64,48
3,1177,1,73,69,40
3,1178,1,45,69,56
3,1179,2,97,92,80
4,1180,2,58,42,20
1,1181,1,61,47,28
1,1182,1,67,56,32
1,1183,2,88,75,44
3,1184,2,88,86,76
3,1185,1,79,81,52
1,1186,1,82,50,44
3,1187,1,61,44,8
4,1188,2,79,58,52
4,1189,2,85,86,68
1,1190,2,64,31,24
2,1191,1,94,81,76
3,1192,1,79,72,56
1,1193,2,76,47,48
2,1194,1,64,61,32
1,1195,2,61,50,52
3,1196,2,88,67,48
3,1197,2,67,56,32
3,1198,2,88,81,68
3,1199,1,88,83,68
3,1200,1,61,53,44
3,1201,1,85,67,48
3,1202,2,70,53,28
2,1203,2,94,86,72
4,1204,2,91,58,84
3,1205,1,76,58,52
2,1206,2,64,72,36
3,1207,2,67,56,28
2,1208,2,67,69,52
3,1209,2,82,75,64
1,1210,2,55,47,28
3,1211,1,91,86,64
3,1212,2,58,44,44
1,1213,1,88,61,48
3,1214,1,85,72,72
1,1215,1,64,39,20
2,1216,1,64,81,72
1,1217,2,91,67,60
3,1218,1,82,81,68
3,1219,1,82,36,36
3,1220,2,36,58,24
3,1221,1,85,75,68
3,1222,2,67,67,40
1,1223,1,79,78,48
3,1224,2,45,33,32
3,1225,1,70,28,28
3,1226,1,67,61,36
3,1227,1,67,64,56
1,1228,1,79,78,52
3,1229,2,91,72,64
1,1230,1,94,61,56
2,1231,1,85,78,68
3,1232,1,91,89,72
1,1233,1,88,86,76
1,1234,2,85,75,76
2,1235,2,85,75,72
3,1236,2,58,36,16
3,1237,2,88,53,32
4,1238,2,52,42,12
3,1239,1,76,64,52
3,1240,2,88,69,60
3,1241,1,36,42,28
1,1242,1,70,61,84
3,1243,1,82,61,68
4,1244,1,79,69,48
3,1245,2,76,47,64
4,1246,2,82,72,64
1,1247,1,64,53,28
4,1248,1,88,86,72
2,1249,2,97,94,88
1,1250,2,82,67,56
3,1251,2,73,58,36
3,1252,2,79,64,68
3,1253,2,67,72,44
2,1254,2,64,56,32
4,1255,2,85,64,40
1,1256,2,94,78,56
2,1257,1,58,50,20
4,1258,1,79,72,56
3,1259,2,73,64,44
2,1260,1,48,33,52
1,1261,2,70,81,36
4,1262,2,85,47,32
3,1263,2,79,64,32
1,1264,2,85,69,52
3,1265,1,82,69,56
2,1266,2,58,44,56
3,1267,2,52,39,32
3,1268,1,73,83,52
1,1269,1,88,92,72
3,1270,2,76,67,56
1,1271,2,79,58,32
3,1272,2,91,83,84
1,1273,1,64,33,36
2,1274,1,85,86,84
3,1275,1,55,28,24
3,1276,1,67,47,72
1,1277,1,91,72,60
3,1278,1,61,42,40
1,1279,2,64,61,52
2,1280,2,76,81,56
1,1281,2,61,47,40
3,1282,1,70,67,52
2,1283,1,91,69,56
1,1284,1,91,86,72
2,1285,1,94,75,76
3,1286,2,97,100,80
1,1287,1,61,53,44
1,1288,2,64,28,52
3,1289,1,91,83,68
3,1290,2,82,89,68
1,1291,1,79,61,40
3,1292,1,88,72,64
3,1293,2,94,89,68
3,1294,2,64,36,48
3,1295,2,85,78,72
1,1296,2,73,81,76
2,1297,2,58,19,8
3,1298,1,76,89,60
2,1299,1,76,72,36
3,1300,2,64,56,36
3,1301,2,91,78,84
2,1302,2,85,47,48
4,1303,1,97,78,52
4,1304,1,85,75,68
1,1305,2,91,89,84
3,1306,1,91,86,52
3,1307,1,88,58,72
1,1308,1,76,64,56
2,1309,1,70,47,52
3,1310,2,91,89,80
3,1311,1,58,44,40
3,1312,1,61,61,52
1,1313,1,82,42,60
2,1314,1,79,72,44
4,1315,1,88,83,72
3,1316,1,42,42,12
4,1317,1,76,56,40
4,1318,2,94,89,88
3,1319,1,82,69,40
1,1320,1,76,58,44
3,1321,2,76,81,68
4,1322,1,79,86,76
3,1323,2,94,86,56
3,1324,2,85,78,24
1,1325,2,58,44,52
3,1326,1,82,86,60
4,1327,2,79,50,76
3,1328,2,91,72,48
3,1329,2,70,53,40
3,1330,1,82,61,68
3,1331,2,82,61,24
3,1332,1,88,78,84
3,1333,2,85,81,60
1,1334,2,85,69,52
1,1335,2,45,44,12
3,1336,1,39,28,16
3,1337,1,79,78,68
3,1338,2,97,86,68
3,1339,1,88,83,80
2,1340,1,82,81,44
3,1341,2,85,53,44
3,1342,1,82,83,80
2,1343,1,88,78,80
1,1344,2,79,42,32
3,1345,1,82,53,60
3,1346,1,88,72,48
3,1347,2,79,42,36
3,1348,2,94,83,64
3,1349,1,73,61,72
4,1350,1,70,53,44
3,1351,1,64,86,60
3,1352,2,39,31,28
3,1353,1,82,42,40
3,1354,2,67,61,40
1,1355,1,79,78,56
1,1356,2,42,58,44
3,1357,2,33,31,12
2,1358,2,70,39,24
4,1359,1,70,61,48
1,1360,2,58,64,36
2,1361,2,45,42,44
1,1362,2,73,58,48
1,1363,1,73,33,40
1,1364,1,91,78,36
1,1365,2,85,83,48
3,1366,2,88,86,76
3,1367,2,52,47,28
3,1368,2,45,25,20
3,1369,2,73,64,44
4,1370,2,61,39,32
2,1371,2,76,56,56
1,1372,1,58,31,48
4,1373,2,100,81,64
1,1374,1,91,61,96
4,1375,2,97,89,76
3,1376,1,88,81,80
4,1377,2,97,81,80
2,1378,1,85,69,48
3,1379,2,79,39,36
3,1380,1,91,44,48
1,1381,1,61,28,28
4,1382,1,85,67,40
3,1383,1,76,64,36
2,1384,2,91,86,72
3,1385,1,76,61,40
1,1386,1,61,75,52
3,1387,1,61,31,20
3,1388,1,88,67,56
4,1389,2,55,61,44
3,1390,1,58,58,40
3,1391,1,100,81,84
2,1392,1,82,72,64
4,1393,2,70,67,52
2,1394,1,73,53,36
3,1395,1,76,86,56
1,1396,1,58,64,44
4,1397,1,64,50,36
1,1398,2,79,69,52
3,1399,1,88,83,76
3,1400,2,82,58,44
1,1401,2,97,86,72
2,1402,2,67,56,60
2,1403,2,94,69,48
1,1404,1,76,89,76
2,1405,1,45,14,20
4,1406,2,61,61,56
1,1407,1,97,78,76
3,1408,2,67,42,32
3,1409,2,85,47,52
2,1410,2,79,83,40
3,1411,1,76,81,56
3,1412,1,82,67,56
1,1413,1,82,81,72
3,1414,2,70,58,48
1,1415,2,85,72,72
1,1416,1,58,44,28
1,1417,2,64,58,56
1,1418,1,67,39,32
3,1419,1,85,81,44
3,1420,1,85,86,88
3,1421,1,73,58,64
3,1422,1,94,92,80
1,1423,1,88,75,56
3,1424,2,64,28,24
3,1425,2,67,61,52
1,1426,1,82,83,64
3,1427,1,82,78,64
2,1428,2,82,92,92
1,1429,2,85,86,64
3,1430,1,88,67,48
3,1431,2,70,56,40
3,1432,1,55,53,20
3,1433,1,55,44,40
3,1434,1,70,69,56
3,1435,1,70,50,56
4,1436,1,88,83,84
2,1437,2,61,44,24
1,1438,2,85,58,68
3,1439,2,97,89,72
3,1440,2,61,67,64
4,1441,1,61,39,40
3,1442,2,70,47,52
3,1443,1,67,61,36
3,1444,2,79,72,52
4,1445,2,67,78,72
2,1446,1,70,72,60
3,1447,1,55,31,40
4,1448,1,67,50,44
2,1449,1,58,31,24
4,1450,2,67,58,48
1,1451,1,73,44,48
3,1452,2,79,67,48
4,1453,1,85,78,68
3,1454,1,70,53,40
3,1455,1,85,58,36
2,1456,1,85,81,56
3,1457,2,58,47,40
3,1458,1,67,83,60
3,1459,2,82,42,56
3,1460,2,67,72,52
1,1461,1,70,42,40
3,1462,1,67,22,24
3,1463,2,82,64,32
2,1464,1,85,72,52
3,1465,2,76,56,52
3,1466,1,82,83,44
3,1467,2,97,97,88
4,1468,1,82,78,52
3,1469,2,70,44,52
2,1470,1,73,61,28
3,1471,2,85,86,52
3,1472,1,39,28,32
3,1473,2,76,58,28
4,1474,1,73,64,56
3,1475,2,64,44,32
3,1476,1,91,89,72
3,1477,2,82,81,64
3,1478,1,67,61,52
3,1479,2,91,83,60
1,1480,2,91,81,60
3,1481,2,42,42,36
1,1482,2,88,78,76
4,1483,2,67,61,48
3,1484,2,94,86,56
3,1485,1,70,42,56
1,1486,2,52,64,44
3,1487,1,100,72,64
2,1488,2,82,64,44
4,1489,1,48,36,20
2,1490,1,85,53,40
4,1491,2,76,64,40
3,1492,2,94,83,76
3,1493,1,82,61,32
4,1494,2,52,58,44
1,1495,2,61,47,32
3,1496,2,85,39,32
3,1497,1,64,64,32
1,1498,2,79,72,68
3,1499,2,58,58,56
3,1500,1,76,61,60
3,1501,2,76,58,32
3,1502,1,94,81,80
3,1503,1,82,64,44
3,1504,1,61,75,40
1,1505,1,79,81,72
3,1506,2,82,64,68
3,1507,2,61,69,48
4,1508,2,82,81,72
3,1509,1,55,78,44
3,1510,2,79,44,56
3,1511,1,76,72,52
3,1512,1,79,44,20
1,1513,2,88,78,80
3,1514,2,85,64,60
3,1515,1,91,81,72
4,1516,2,67,53,24
2,1517,2,58,44,28
2,1518,2,70,42,32
4,1519,1,94,83,80
1,1520,1,55,42,48
3,1521,2,70,56,40
1,1522,1,45,47,48
1,1523,1,52,64,52
3,1524,2,79,75,56
3,1525,2,64,61,60
2,1526,1,97,89,76
2,1527,2,70,64,56
1,1528,2,91,72,60
1,1529,2,82,53,40
3,1530,2,45,50,44
3,1531,1,85,67,64
2,1532,1,79,56,60
1,1533,2,79,67,48
2,1534,1,76,58,28
3,1535,2,76,56,44
1,1536,2,91,42,36
3,1537,2,45,36,20
1,1538,1,52,33,36
3,1539,1,85,75,36
1,1540,2,79,72,44
4,1541,2,64,61,44
1,1542,2,88,83,68
1,1543,1,76,81,52
3,1544,1,61,47,60
3,1545,2,91,78,44
3,1546,1,85,69,52
1,1547,1,94,92,80
3,1548,2,85,50,44
4,1549,2,64,36,24
1,1550,1,76,42,28
1,1551,2,82,72,72
3,1552,1,73,61,32
1,1553,1,70,53,32
3,1554,1,94,92,76
3,1555,2,85,86,64
3,1556,2,76,25,20
3,1557,2,94,86,76
3,1558,2,82,78,68
4,1559,2,91,89,84
3,1560,2,73,31,32
2,1561,2,88,42,48
3,1562,1,85,86,56
2,1563,1,73,53,40
2,1564,1,82,78,40
1,1565,1,73,44,60
3,1566,1,97,92,76
3,1567,2,91,83,80
2,1568,1,97,67,56
3,1569,1,88,81,72
2,1570,2,52,42,20
3,1571,1,58,42,28
3,1572,1,82,86,80
3,1573,1,39,11,16
1,1574,2,88,75,64
1,1575,1,48,19,28
3,1576,1,79,72,48
3,1577,1,82,69,56
3,1578,1,91,78,60
1,1579,2,94,81,64
3,1580,2,55,19,28
3,1581,1,73,64,44
3,1582,2,88,83,60
3,1583,1,58,61,52
3,1584,2,94,83,76
1,1585,2,85,67,56
2,1586,2,70,64,36
3,1587,2,42,25,40
4,1588,1,94,86,72
4,1589,2,76,53,60
1,1590,1,64,53,44
3,1591,2,94,89,96
1,1592,1,76,67,56
4,1593,1,91,81,80
2,1594,2,67,47,28
3,1595,1,88,94,72
3,1596,1,70,28,56
2,1597,2,70,58,40
2,1598,2,21,22,12
2,1599,2,79,58,64
3,1600,1,58,39,28
1,1601,1,67,47,32
4,1602,2,94,78,84
3,1603,2,91,64,68
3,1604,1,79,61,44
3,1605,1,73,69,64
3,1606,1,79,72,44
3,1607,2,64,39,20
4,1608,1,82,83,92
1,1609,2,70,58,44
3,1610,1,85,72,56
2,1611,1,76,86,72
1,1612,1,85,81,72
3,1613,1,52,33,72
4,1614,2,48,42,52
3,1615,2,82,81,72
3,1616,1,85,39,32
3,1617,1,39,33,20
3,1618,2,82,78,68
3,1619,2,88,83,68
3,1620,2,64,39,64
3,1621,2,85,75,72
1,1622,1,91,83,84
1,1623,1,94,86,84
2,1624,2,76,75,68
1,1625,2,48,47,36
4,1626,2,85,56,52
1,1627,2,70,67,44
3,1628,1,55,31,32
3,1629,2,67,53,44
3,1630,2,82,64,40
3,1631,1,85,78,76
1,1632,2,94,89,76
3,1633,1,55,42,24
4,1634,2,67,53,44
2,1635,2,88,67,88
3,1636,1,94,94,88
1,1637,2,94,97,96
1,1638,1,91,75,68
3,1639,1,79,58,44
2,1640,2,94,86,76
3,1641,2,88,69,56
1,1642,1,61,42,36
2,1643,2,79,78,64
3,1644,1,64,64,44
3,1645,2,70,50,36
3,1646,2,85,50,44
2,1647,1,45,58,28
2,1648,1,79,78,44
1,1649,2,64,64,28
2,1650,1,94,69,80
1,1651,1,82,75,56
1,1652,1,85,64,56
1,1653,1,73,56,36
3,1654,2,76,53,60
3,1655,2,88,89,64
3,1656,1,94,89,52
3,1657,1,70,75,68
3,1658,2,55,33,24
2,1659,1,73,67,36
3,1660,1,82,64,48
3,1661,1,82,47,52
3,1662,2,85,50,28
1,1663,1,79,75,52
1,1664,2,91,61,60
3,1665,2,91,89,92
3,1666,1,85,78,60
2,1667,1,58,25,28
3,1668,2,76,75,44
3,1669,2,42,36,32
1,1670,1,79,75,40
1,1671,2,76,53,32
2,1672,1,79,67,68
3,1673,2,67,44,32
1,1674,2,70,47,28
4,1675,2,82,61,60
3,1676,1,85,81,68
1,1677,2,70,69,64
4,1678,2,55,67,60
3,1679,2,42,64,60
1,1680,1,64,36,28
2,1681,2,85,69,80
2,1682,2,70,31,32
1,1683,2,64,78,52
1,1684,1,64,50,68
2,1685,1,94,83,44
3,1686,2,76,61,64
1,1687,1,70,78,60
2,1688,1,76,31,60
1,1689,1,67,64,40
3,1690,2,97,97,88
1,1691,1,64,50,56
1,1692,1,82,61,40
2,1693,1,67,42,24
3,1694,2,97,92,80
2,1695,1,61,39,24
3,1696,2,82,50,56
3,1697,1,73,75,52
2,1698,2,79,69,56
3,1699,2,67,67,56
1,1700,2,70,67,80
1,1701,2,85,42,72
1,1702,1,76,58,60
1,1703,1,97,100,76
3,1704,2,85,44,88
4,1705,2,91,56,44
1,1706,2,64,53,12
2,1707,1,79,81,72
3,1708,1,82,56,60
4,1709,2,100,81,80
2,1710,1,61,64,40
2,1711,2,76,75,60
4,1712,2,73,72,24
3,1713,1,70,69,60
3,1714,1,64,33,40
2,1715,2,58,33,32
1,1716,1,70,61,64
3,1717,1,33,36,8
3,1718,1,55,53,20
3,1719,2,85,92,80
2,1720,1,55,47,32
3,1721,1,67,56,64
3,1722,2,73,61,44
3,1723,1,85,86,72
3,1724,2,70,39,28
4,1725,2,64,42,32
3,1726,2,88,75,72
2,1727,2,91,67,56
3,1728,2,76,53,44
1,1729,2,88,86,96
1,1730,1,70,61,48
3,1731,2,85,72,56
4,1732,2,88,75,64
1,1733,2,88,81,88
1,1734,2,70,58,48
3,1735,1,82,64,52
3,1736,2,76,58,48
4,1737,1,97,83,60
3,1738,2,88,44,20
4,1739,2,85,89,76
1,1740,1,85,72,68
3,1741,2,79,67,84
3,1742,1,94,92,80
3,1743,2,48,33,12
3,1744,1,61,33,28
1,1745,2,73,47,32
3,1746,2,42,53,20
3,1747,1,42,33,32
3,1748,2,91,83,64
3,1749,2,58,61,32
1,1750,2,73,58,56
2,1751,1,64,69,36
3,1752,1,91,81,88
3,1753,1,52,28,28
1,1754,1,73,56,28
2,1755,1,67,81,80
3,1756,1,73,61,32
1,1757,1,76,47,56
4,1758,2,64,61,60
3,1759,2,48,44,36
1,1760,1,88,61,72
4,1761,1,58,39,40
3,1762,2,82,58,48
3,1763,1,76,81,28
1,1764,2,85,83,60
1,1765,2,94,92,68
3,1766,2,94,78,88
3,1767,2,70,86,64
3,1768,2,88,69,48
2,1769,1,67,64,64
3,1770,1,76,44,68
3,1771,2,61,22,12
1,1772,2,52,31,36
4,1773,1,61,44,28
2,1774,2,67,53,44
2,1775,2,42,22,44
3,1776,2,100,83,72
3,1777,1,88,69,60
3,1778,2,94,92,80
1,1779,1,85,61,52
3,1780,1,91,64,68
1,1781,1,85,61,72
3,1782,1,52,67,36
3,1783,2,76,78,52
4,1784,2,73,67,52
3,1785,1,64,58,40
3,1786,2,70,75,68
2,1787,2,82,75,60
1,1788,1,73,69,44
3,1789,1,91,89,64
2,1790,1,82,89,64
3,1791,1,85,81,76
3,1792,2,61,56,28
2,1793,2,88,78,76
3,1794,1,55,64,48
3,1795,2,61,44,28
1,1796,2,70,47,68
1,1797,2,85,89,72
3,1798,1,76,53,40
3,1799,2,91,89,68
3,1800,2,70,33,52
3,1801,2,79,83,68
3,1802,1,36,39,32
1,1803,2,58,33,16
3,1804,2,79,72,64
4,1805,2,67,42,28
1,1806,1,67,89,60
1,1807,1,67,44,56
4,1808,1,91,47,44
4,1809,1,52,19,28
4,1810,1,94,92,84
2,1811,1,79,56,60
3,1812,1,76,67,56
1,1813,2,82,31,24
3,1814,1,91,81,72
3,1815,2,85,67,64
1,1816,1,82,92,72
1,1817,1,52,44,32
3,1818,2,73,56,28
3,1819,1,79,56,48
2,1820,1,58,50,36
4,1821,2,67,28,32
3,1822,2,55,47,24
4,1823,1,82,58,32
1,1824,2,61,58,60
1,1825,2,70,67,64
1,1826,1,70,44,44
2,1827,2,94,94,92
3,1828,1,85,69,64
3,1829,1,88,67,64
1,1830,2,55,42,28
1,1831,1,88,61,40
1,1832,1,88,75,60
3,1833,1,73,56,44
3,1834,2,67,83,48
3,1835,1,61,25,12
1,1836,2,88,94,80
3,1837,1,58,69,44
3,1838,1,67,67,32
1,1839,1,85,64,60
3,1840,1,73,53,56
2,1841,2,88,92,88
2,1842,1,91,69,60
1,1843,1,64,42,40
1,1844,2,79,78,68
3,1845,2,79,47,56
1,1846,2,55,33,28
3,1847,1,70,56,56
1,1848,2,88,67,56
3,1849,1,70,75,76
1,1850,2,97,94,72
4,1851,2,61,78,56
1,1852,1,70,58,56
2,1853,2,70,67,28
2,1854,1,70,67,32
3,1855,1,55,53,28
3,1856,2,82,75,52
3,1857,2,76,75,68
2,1858,2,76,81,56
4,1859,1,52,33,12
1,1860,1,58,50,16
2,1861,2,70,33,40
3,1862,1,82,61,72
1,1863,1,97,78,60
1,1864,2,73,33,28
3,1865,1,91,61,76
3,1866,1,85,56,44
1,1867,1,88,67,68
4,1868,1,42,50,44
3,1869,2,79,50,48
1,1870,1,85,72,40
1,1871,2,82,64,36
1,1872,2,79,67,32
1,1873,2,55,61,64
1,1874,2,88,94,52
3,1875,1,88,61,44
1,1876,1,70,42,56
3,1877,2,97,75,68
3,1878,2,82,50,72
2,1879,1,85,83,68
3,1880,2,85,56,72
1,1881,1,67,39,40
3,1882,2,82,86,80
3,1883,2,85,69,68
1,1884,2,94,64,72
3,1885,2,85,75,44
1,1886,2,39,36,28
2,1887,1,70,64,44
2,1888,2,79,58,44
1,1889,2,73,89,64
3,1890,1,70,33,36
3,1891,2,94,86,80
1,1892,1,73,67,56
1,1893,1,88,67,56
1,1894,2,79,78,52
3,1895,1,82,39,44
1,1896,2,73,47,44
3,1897,1,94,72,68
3,1898,2,88,64,48
1,1899,1,70,78,48
3,1900,2,88,81,84
3,1901,2,70,47,36
1,1902,1,91,50,36
2,1903,1,82,72,52
1,1904,1,61,64,24
3,1905,2,79,61,56
3,1906,2,76,64,72
2,1907,2,76,53,40
3,1908,2,67,75,52
3,1909,1,67,53,40
2,1910,1,67,69,44
1,1911,2,88,64,60
1,1912,1,55,53,20
3,1913,2,73,50,52
3,1914,2,58,39,12
1,1915,1,73,53,40
4,1916,1,76,78,76
3,1917,2,73,64,52
1,1918,2,82,72,56
3,1919,1,73,64,40
1,1920,2,79,75,60
2,1921,1,33,36,24
2,1922,2,67,44,24
3,1923,2,33,28,36
2,1924,2,67,75,56
4,1925,1,70,75,76
3,1926,2,73,31,40
1,1927,1,88,47,56
1,1928,2,85,69,80
3,1929,2,76,78,60
2,1930,2,88,36,16
1,1931,1,97,78,64
4,1932,2,88,72,72
3,1933,1,88,67,44
3,1934,2,58,33,52
3,1935,1,73,86,60
3,1936,1,79,67,40
1,1937,1,82,86,56
3,1938,1,88,69,72
3,1939,2,91,83,84
4,1940,2,76,50,40
1,1941,2,73,92,60
3,1942,1,64,67,32
4,1943,1,85,81,68
3,1944,1,79,83,64
3,1945,2,88,81,60
1,1946,1,61,47,28
3,1947,2,48,44,32
2,1948,1,91,97,84
3,1949,2,67,33,52
1,1950,1,76,42,24
2,1951,2,70,81,80
2,1952,2,76,47,20
1,1953,1,70,64,64
3,1954,2,73,58,56
3,1955,1,79,75,68
1,1956,2,85,81,52
3,1957,2,45,22,40
3,1958,1,64,75,48
3,1959,2,52,39,20
1,1960,2,88,69,60
1,1961,1,88,72,68
1,1962,1,64,64,44
3,1963,2,88,64,64
4,1964,2,42,44,24
4,1965,1,70,53,52
2,1966,1,76,69,68
1,1967,1,70,81,72
1,1968,1,82,58,44
3,1969,1,85,78,48
1,1970,2,79,67,32
3,1971,2,88,86,72
2,1972,1,64,67,60
3,1973,2,70,83,72
1,1974,1,67,78,56
2,1975,2,88,67,44
3,1976,1,61,33,32
3,1977,2,94,89,84
1,1978,1,73,44,44
3,1979,2,88,75,60
3,1980,1,85,83,60
3,1981,2,97,78,80
3,1982,1,85,83,76
3,1983,1,85,67,48
3,1984,2,70,72,60
4,1985,2,70,42,40
1,1986,1,79,83,56
2,1987,1,76,72,52
4,1988,1,70,69,40
4,1989,1,64,44,52
2,1990,1,76,42,32
1,1991,2,58,64,76
3,1992,2,79,89,80
2,1993,2,82,81,40
3,1994,2,76,67,44
1,1995,1,61,64,48
3,1996,2,73,69,44
2,1997,2,97,86,88
3,1998,1,73,50,56
4,1999,1,94,75,68
3,2000,2,82,81,76
